country,year,population,gdp,region,loss_percentage
Afghanistan,2002,22600774.0,179.4265792,South Asia,10.01
Afghanistan,2003,23680871.0,190.6838143,South Asia,18.79
Afghanistan,2004,24726689.0,211.3820742,South Asia,14.39
Afghanistan,2005,25654274.0,242.0313132,South Asia,15.0
Afghanistan,2007,27100542.0,359.6931579,South Asia,15.01
Afghanistan,2008,27722281.0,364.663542,South Asia,15.14
Afghanistan,2009,28394806.0,437.2687402,South Asia,15.17
Afghanistan,2010,29185511.0,543.3065262,South Asia,14.96
Algeria,1991,26400468.0,1731.62137,Middle East & North Africa,10.0
Algeria,2005,33149720.0,3113.094883,Middle East & North Africa,25.0
Angola,2000,16395477.0,556.8361822,Sub-Saharan Africa,83.29
Angola,2001,16945753.0,527.3335285,Sub-Saharan Africa,83.73
Angola,2002,17519418.0,872.4944418,Sub-Saharan Africa,83.84
Angola,2003,18121477.0,982.9609819,Sub-Saharan Africa,83.64
Angola,2004,18758138.0,1255.564238,Sub-Saharan Africa,83.19
Angola,2005,19433604.0,1902.42215,Sub-Saharan Africa,83.13
Angola,2006,20149905.0,2599.565948,Sub-Saharan Africa,83.36
Angola,2007,20905360.0,3121.996085,Sub-Saharan Africa,82.58
Angola,2008,21695636.0,4080.941015,Sub-Saharan Africa,83.8
Angola,2009,22514275.0,3122.781743,Sub-Saharan Africa,84.71000000000001
Angola,2010,23356247.0,3497.974488,Sub-Saharan Africa,83.36
Argentina,1991,33079002.0,5735.359981,Latin America & Caribbean,8.0
Armenia,2001,3050686.0,694.4234554,Europe & Central Asia,5.99
Armenia,2002,3033976.0,783.241215,Europe & Central Asia,9.78
Armenia,2003,3017938.0,930.1254727,Europe & Central Asia,8.89
Armenia,2004,3000715.0,1191.921006,Europe & Central Asia,11.31
Armenia,2005,2981262.0,1643.756889,Europe & Central Asia,13.38
Armenia,2006,2958301.0,2158.148074,Europe & Central Asia,13.62
Armenia,2007,2932615.0,3139.28071,Europe & Central Asia,17.23
Armenia,2008,2907615.0,4010.861381,Europe & Central Asia,26.12
Armenia,2009,2888094.0,2994.340471,Europe & Central Asia,376.02
Armenia,2010,2877314.0,3218.378299,Europe & Central Asia,48.14
Austria,1991,7754891.0,22410.91177,Europe & Central Asia,33.870000000000005
Austria,1992,7840709.0,24880.16412,Europe & Central Asia,37.23
Austria,1993,7905633.0,24081.52779,Europe & Central Asia,42.92
Austria,1994,7936118.0,25646.70066,Europe & Central Asia,215.82
Austria,1995,7948278.0,30325.84958,Europe & Central Asia,256.44
Austria,1996,7959017.0,29809.07677,Europe & Central Asia,229.74
Austria,1997,7968041.0,26705.4786,Europe & Central Asia,312.54
Austria,1998,7976789.0,27361.87511,Europe & Central Asia,294.73
Austria,1999,7992324.0,27183.47593,Europe & Central Asia,153.81
Austria,2000,8011566.0,24625.60072,Europe & Central Asia,143.13
Austria,2001,8042293.0,24558.76368,Europe & Central Asia,125.19999999999999
Austria,2002,8081957.0,26527.59309,Europe & Central Asia,102.51
Austria,2003,8121423.0,32294.04886,Europe & Central Asia,149.55
Austria,2004,8171966.0,36889.23351,Europe & Central Asia,136.13
Austria,2005,8227829.0,38417.45779,Europe & Central Asia,108.58
Austria,2006,8268641.0,40669.32696,Europe & Central Asia,123.78999999999999
Austria,2007,8295487.0,46915.3374,Europe & Central Asia,106.99000000000001
Austria,2008,8321496.0,51919.98358,Europe & Central Asia,72.72
Austria,2009,8343323.0,48153.32402,Europe & Central Asia,91.3
Austria,2010,8363404.0,46903.76159,Europe & Central Asia,54.53
Azerbaijan,1995,7684850.0,314.5612263,Europe & Central Asia,2.44
Azerbaijan,1996,7763000.0,409.1631891,Europe & Central Asia,1.03
Azerbaijan,1997,7838250.0,505.5003493,Europe & Central Asia,0.98
Azerbaijan,1998,7913000.0,561.9068079,Europe & Central Asia,4.49
Azerbaijan,1999,7982750.0,573.9165123,Europe & Central Asia,3.78
Azerbaijan,2000,8048600.0,655.1199452,Europe & Central Asia,4.21
Azerbaijan,2001,8111200.0,703.6838434,Europe & Central Asia,4.5600000000000005
Azerbaijan,2002,8171950.0,763.080638,Europe & Central Asia,5.96
Azerbaijan,2003,8234100.0,883.7339715,Europe & Central Asia,6.28
Azerbaijan,2004,8306500.0,1045.009379,Europe & Central Asia,7.32
Azerbaijan,2005,8391850.0,1578.40239,Europe & Central Asia,31.64
Azerbaijan,2006,8484550.0,2473.081819,Europe & Central Asia,6.8100000000000005
Azerbaijan,2007,8581300.0,3851.437869,Europe & Central Asia,17.37
Azerbaijan,2008,8763400.0,5574.603802,Europe & Central Asia,23.759999999999998
Azerbaijan,2009,8947243.0,4950.294791,Europe & Central Asia,25.43
Azerbaijan,2010,9054332.0,5843.533768,Europe & Central Asia,16.34
Bahrain,2005,889157.0,17959.39683,Middle East & North Africa,25.0
Bangladesh,1980,79639498.0,227.7519265,South Asia,18.0
Bangladesh,1991,105599125.0,293.1604211,South Asia,15.0
Bangladesh,1994,112737684.0,299.5330371,South Asia,35.0
Bangladesh,2004,136986429.0,475.2919302,South Asia,34.32
Bangladesh,2005,139035505.0,499.4619402,South Asia,38.18
Bangladesh,2008,144304164.0,634.9870697,South Asia,82.9
Bangladesh,2009,145924795.0,702.2644196,South Asia,1508.03
Bangladesh,2010,147575433.0,781.1535777,South Asia,1939.6965
Belarus,1992,10216470.0,1667.605057,Europe & Central Asia,0.12
Belarus,1993,10239050.0,1590.088117,Europe & Central Asia,0.11
Belarus,1994,10226955.0,1460.0655,Europe & Central Asia,0.28
Belarus,1995,10193831.0,1370.699283,Europe & Central Asia,0.36
Belarus,1996,10159569.0,1452.507105,Europe & Central Asia,0.15
Belarus,1997,10117433.0,1396.442019,Europe & Central Asia,0.18
Belarus,1998,10071963.0,1511.325316,Europe & Central Asia,0.04
Belarus,2000,9979610.0,1276.288034,Europe & Central Asia,0.02
Belarus,2001,9928549.0,1244.373185,Europe & Central Asia,0.04
Belarus,2002,9865548.0,1479.314583,Europe & Central Asia,0.02
Belarus,2003,9796749.0,1819.766059,Europe & Central Asia,0.02
Belarus,2004,9730146.0,2378.623286,Europe & Central Asia,0.02
Belarus,2005,9663915.0,3125.810535,Europe & Central Asia,0.02
Belarus,2006,9604924.0,3847.434124,Europe & Central Asia,0.02
Belarus,2007,9560953.0,4735.657608,Europe & Central Asia,0.01
Belgium,2000,10251250.0,23098.88651,Europe & Central Asia,2.27
Belgium,2001,10286570.0,23015.07126,Europe & Central Asia,2.18
Belgium,2002,10332785.0,25006.1914,Europe & Central Asia,3.91
Belgium,2003,10376133.0,30655.20927,Europe & Central Asia,13.31
Belgium,2004,10421137.0,35429.40779,Europe & Central Asia,13.01
Belgium,2005,10478617.0,36809.70134,Europe & Central Asia,14.24
Belgium,2006,10547958.0,38705.1068,Europe & Central Asia,10.81
Belgium,2007,10625700.0,44319.16545,Europe & Central Asia,5.47
Benin,1982,3927717.0,322.7774529,Sub-Saharan Africa,8.5
Benin,1987,4535262.0,344.5031468,Sub-Saharan Africa,2.5
Benin,1994,5714215.0,279.666749,Sub-Saharan Africa,278.45
Benin,1995,5905552.0,367.3877143,Sub-Saharan Africa,51.599999999999994
Benin,1997,6281644.0,361.0999824,Sub-Saharan Africa,9.5
Benin,1998,6470275.0,379.4417675,Sub-Saharan Africa,57.9
Benin,2000,6865946.0,512.673902,Sub-Saharan Africa,92.14
Benin,2001,7076728.0,518.0674741,Sub-Saharan Africa,74.34
Benin,2002,7295400.0,574.9297982,Sub-Saharan Africa,90.84
Benin,2003,7520556.0,711.2849548,Sub-Saharan Africa,74.34
Benin,2004,7750003.0,798.7443045,Sub-Saharan Africa,85.19
Benin,2005,7982223.0,822.7851431,Sub-Saharan Africa,117.84
Benin,2006,8216893.0,856.0549166,Sub-Saharan Africa,124.34
Benin,2007,8454790.0,966.2036183,Sub-Saharan Africa,74.34
Benin,2008,8696915.0,1125.426134,Sub-Saharan Africa,98.56
Benin,2009,8944713.0,1088.757906,Sub-Saharan Africa,717.6
Benin,2010,9199254.0,1036.534515,Sub-Saharan Africa,539.16
Botswana,2000,1643333.0,3522.310821,Sub-Saharan Africa,47.96
Botswana,2001,1674674.0,3278.016079,Sub-Saharan Africa,47.96
Botswana,2002,1704637.0,3190.624811,Sub-Saharan Africa,47.96
Botswana,2003,1734387.0,4330.972369,Sub-Saharan Africa,47.96
Botswana,2004,1765533.0,5073.520408,Sub-Saharan Africa,47.519999999999996
Botswana,2005,1799077.0,5513.331063,Sub-Saharan Africa,46.46
Botswana,2006,1835911.0,5521.990608,Sub-Saharan Africa,48.61
Botswana,2007,1875458.0,5832.737052,Sub-Saharan Africa,47.34
Botswana,2008,1915636.0,5713.543931,Sub-Saharan Africa,54.76
Botswana,2009,1953495.0,5255.776533,Sub-Saharan Africa,69.21
Botswana,2010,1987106.0,6434.812485,Sub-Saharan Africa,54.449999999999996
Brazil,1991,151648007.0,2259.239894,Latin America & Caribbean,5.0
Brazil,2003,181809244.0,3070.436419,Latin America & Caribbean,168.5
Brazil,2004,184006479.0,3637.31389,Latin America & Caribbean,28.0
Brazil,2007,190130445.0,7348.187963,Latin America & Caribbean,16.0
Burkina Faso,1987,8140080.0,291.1316167,Sub-Saharan Africa,16.0
Burkina Faso,2000,11607951.0,255.7186873,Sub-Saharan Africa,83.45
Burkina Faso,2001,11944589.0,267.0975996,Sub-Saharan Africa,83.41
Burkina Faso,2002,12293097.0,294.6653885,Sub-Saharan Africa,83.59
Burkina Faso,2003,12654624.0,374.627358,Sub-Saharan Africa,83.33
Burkina Faso,2004,13030576.0,418.3766603,Sub-Saharan Africa,83.59
Burkina Faso,2005,13421935.0,457.9334308,Sub-Saharan Africa,83.0
Burkina Faso,2006,13829173.0,473.4498682,Sub-Saharan Africa,83.16
Burkina Faso,2007,14252029.0,535.0622795,Sub-Saharan Africa,83.07
Burkina Faso,2008,14689725.0,643.404581,Sub-Saharan Africa,97.31
Burkina Faso,2009,15141098.0,624.1751645,Sub-Saharan Africa,108.53
Burkina Faso,2010,15605211.0,647.8360955,Sub-Saharan Africa,107.58
Burundi,1992,5685569.0,190.4888799,Sub-Saharan Africa,30.0
Burundi,2000,6378871.0,136.4639708,Sub-Saharan Africa,71.84
Burundi,2001,6525546.0,134.3634269,Sub-Saharan Africa,71.84
Burundi,2002,6704118.0,123.1175361,Sub-Saharan Africa,71.84
Burundi,2003,6909161.0,113.5672513,Sub-Saharan Africa,71.84
Burundi,2004,7131688.0,128.3367028,Sub-Saharan Africa,71.84
Burundi,2005,7364857.0,151.6815663,Sub-Saharan Africa,71.84
Burundi,2006,7607850.0,167.3764625,Sub-Saharan Africa,71.84
Burundi,2007,7862226.0,172.4955966,Sub-Saharan Africa,71.84
Burundi,2008,8126104.0,198.3528517,Sub-Saharan Africa,71.84
Burundi,2009,8397661.0,212.1370572,Sub-Saharan Africa,71.84
Burundi,2010,8675606.0,234.2355389,Sub-Saharan Africa,71.84
Cambodia,2005,13273355.0,474.1111921,East Asia & Pacific,81.5
Cambodia,2006,13477705.0,539.7503289,East Asia & Pacific,172.0
Cambodia,2008,13883835.0,745.609127,East Asia & Pacific,82.5
Cameroon,2000,15513944.0,681.102043,Sub-Saharan Africa,40.43
Cameroon,2001,15928910.0,687.6481344,Sub-Saharan Africa,40.25
Cameroon,2002,16357605.0,759.1118514,Sub-Saharan Africa,40.46
Cameroon,2003,16800869.0,950.5648637,Sub-Saharan Africa,40.46
Cameroon,2004,17259322.0,1090.785332,Sub-Saharan Africa,40.46
Cameroon,2005,17733408.0,1100.174926,Sub-Saharan Africa,40.37
Cameroon,2006,18223677.0,1147.4366,Sub-Saharan Africa,40.37
Cameroon,2007,18730283.0,1277.516807,Sub-Saharan Africa,40.38
Cameroon,2008,19252674.0,1439.547804,Sub-Saharan Africa,45.33
Cameroon,2009,19789922.0,1411.474572,Sub-Saharan Africa,45.24
Cameroon,2010,20341236.0,1352.302275,Sub-Saharan Africa,45.16
Canada,1991,28037420.0,21768.34329,North America,178.22
Canada,1992,28371264.0,20879.84833,North America,173.3
Canada,1993,28684764.0,20121.16125,North America,190.71
Canada,1994,29000663.0,19935.38146,North America,211.14
Canada,1995,29302311.0,20613.78788,North America,182.59
Canada,1996,29610218.0,21227.34753,North America,210.27
Canada,1997,29905948.0,21901.56285,North America,212.36
Canada,1998,30155173.0,21024.58507,North America,216.19
Canada,1999,30401286.0,22315.24667,North America,209.59
Canada,2000,30685730.0,24271.00206,North America,210.88
Canada,2001,31020902.0,23822.06012,North America,196.13
Canada,2002,31360079.0,24255.33858,North America,198.39
Canada,2003,31644028.0,28300.4631,North America,197.19
Canada,2004,31940655.0,32143.68141,North America,193.52
Canada,2005,32243753.0,36382.50792,North America,198.95
Canada,2006,32571174.0,40504.06073,North America,185.63
Canada,2007,32889025.0,44659.89514,North America,185.19
Canada,2008,33247118.0,46710.50558,North America,18.27
Canada,2009,33628895.0,40876.31015,North America,16.6
Canada,2010,34004889.0,47562.08343,North America,16.5
Chad,2000,8355654.0,166.1757089,Sub-Saharan Africa,67.24
Chad,2001,8678049.0,197.1460821,Sub-Saharan Africa,67.24
Chad,2002,9019226.0,221.4165369,Sub-Saharan Africa,67.24
Chad,2003,9373913.0,292.6008802,Sub-Saharan Africa,67.24
Chad,2004,9734761.0,454.3363652,Sub-Saharan Africa,67.24
Chad,2005,10096630.0,658.566973,Sub-Saharan Africa,67.24
Chad,2006,10457122.0,710.3963987,Sub-Saharan Africa,67.24
Chad,2007,10818031.0,799.603742,Sub-Saharan Africa,67.24
Chad,2008,11183589.0,929.3827519,Sub-Saharan Africa,67.24
Chad,2009,11560142.0,803.6863884,Sub-Saharan Africa,67.24
Chad,2010,11952134.0,892.5688697,Sub-Saharan Africa,67.24
Chile,1991,13495255.0,2803.562714,Latin America & Caribbean,12.0
China,1987,1084035000.0,251.811957,East Asia & Pacific,25.65
China,1990,1135185000.0,317.884673,East Asia & Pacific,21.9
China,1991,1150780000.0,333.1421454,East Asia & Pacific,10.0
China,1993,1178440000.0,377.3898395,East Asia & Pacific,19.5
China,1997,1230075000.0,781.7441643,East Asia & Pacific,14.0
China,2001,1271850000.0,1053.108243,East Asia & Pacific,545.08
China,2007,1317885000.0,2693.970063,East Asia & Pacific,21.45
China,2008,1324655000.0,3468.304602,East Asia & Pacific,33.55
China,2009,1331260000.0,3832.236432,East Asia & Pacific,8.73
Colombia,1991,33758328.0,1456.694357,Latin America & Caribbean,10.0
Colombia,1994,35758978.0,2284.838813,Latin America & Caribbean,25.0
Costa Rica,1983,2593015.0,1213.55646,Latin America & Caribbean,159.9
Costa Rica,1988,2960932.0,1558.505869,Latin America & Caribbean,18.0
Costa Rica,1990,3119436.0,1831.000151,Latin America & Caribbean,8.28
Costa Rica,1991,3202083.0,2247.373379,Latin America & Caribbean,55.86
Costa Rica,1994,3458829.0,3031.888771,Latin America & Caribbean,49.25
Cuba,1991,10673534.0,2278.210387,Latin America & Caribbean,13.0
Cuba,2002,11199664.0,2999.241763,Latin America & Caribbean,94.51
Cuba,2003,11229185.0,3197.133185,Latin America & Caribbean,94.27
Cuba,2004,11250369.0,3395.710843,Latin America & Caribbean,87.95
Cuba,2005,11261586.0,3786.66345,Latin America & Caribbean,69.75
Cuba,2006,11261241.0,4336.638025,Latin America & Caribbean,61.51
Cuba,2007,11251117.0,4822.887396,Latin America & Caribbean,55.08
Cuba,2008,11236975.0,5010.434715,Latin America & Caribbean,12.649999999999999
Cuba,2009,11226711.0,5120.064236,Latin America & Caribbean,13.0
Cuba,2010,11225833.0,5305.883578,Latin America & Caribbean,12.92
Cyprus,1991,783121.0,9696.099609,Europe & Central Asia,0.92
Denmark,1991,5154298.0,27011.37746,Europe & Central Asia,29.099999999999998
Denmark,1992,5171370.0,29569.66036,Europe & Central Asia,33.16
Denmark,1993,5188628.0,27597.97523,Europe & Central Asia,38.18
Denmark,1994,5206180.0,29995.57962,Europe & Central Asia,27.48
Denmark,1995,5233373.0,35351.36546,Europe & Central Asia,24.57
Denmark,1996,5263074.0,35650.71409,Europe & Central Asia,27.18
Denmark,1997,5284991.0,32835.93994,Europe & Central Asia,27.85
Denmark,1998,5304219.0,33368.14242,Europe & Central Asia,32.21
Denmark,1999,5321799.0,33440.79481,Europe & Central Asia,22.26
Denmark,2000,5339616.0,30743.54768,Europe & Central Asia,21.64
Denmark,2001,5358783.0,30751.65435,Europe & Central Asia,27.15
Denmark,2002,5375931.0,33228.69354,Europe & Central Asia,27.11
Denmark,2003,5390574.0,40458.7774,Europe & Central Asia,27.22
Denmark,2004,5404523.0,46511.59833,Europe & Central Asia,26.71
Denmark,2005,5419432.0,48799.8256,Europe & Central Asia,26.86
Denmark,2006,5437272.0,52026.99951,Europe & Central Asia,27.03
Denmark,2007,5461438.0,58487.05497,Europe & Central Asia,27.259999999999998
Denmark,2008,5493621.0,64322.0635,Europe & Central Asia,27.82
Denmark,2009,5523095.0,58163.27688,Europe & Central Asia,26.9
Denmark,2010,5547683.0,58041.39844,Europe & Central Asia,28.05
Ecuador,1991,10472476.0,1622.208088,Latin America & Caribbean,108.71
Ecuador,1992,10716131.0,1688.504752,Latin America & Caribbean,90.67
Ecuador,1993,10961460.0,1727.755003,Latin America & Caribbean,113.68
Ecuador,1994,11207999.0,2026.113077,Latin America & Caribbean,146.78
Ecuador,1995,11455205.0,2132.906783,Latin America & Caribbean,153.93
Ecuador,1996,11703169.0,2155.51815,Latin America & Caribbean,150.8
Ecuador,1997,11951457.0,2356.369857,Latin America & Caribbean,147.26
Ecuador,1998,12198449.0,2293.889735,Latin America & Caribbean,87.14
Ecuador,1999,12442109.0,1578.934298,Latin America & Caribbean,57.45
Ecuador,2000,12681123.0,1445.279324,Latin America & Caribbean,22.340000000000003
Ecuador,2001,12914660.0,1894.616196,Latin America & Caribbean,108.84
Ecuador,2002,13143465.0,2172.101877,Latin America & Caribbean,83.28999999999999
Ecuador,2003,13369678.0,2425.851842,Latin America & Caribbean,82.29
Ecuador,2004,13596390.0,2691.277685,Latin America & Caribbean,11.05
Ecuador,2005,13825839.0,3002.138604,Latin America & Caribbean,9.85
Ecuador,2006,14059379.0,3328.884156,Latin America & Caribbean,4.37
Ecuador,2008,14535740.0,4249.01897,Latin America & Caribbean,8.03
Eritrea,2000,2292413.0,308.1341868,Sub-Saharan Africa,63.62
Eritrea,2001,2374721.0,316.8239534,Sub-Saharan Africa,63.62
Eritrea,2002,2481059.0,293.9556724,Sub-Saharan Africa,63.62
Eritrea,2003,2600972.0,334.5855715,Sub-Saharan Africa,63.52
Eritrea,2004,2719809.0,407.769077,Sub-Saharan Africa,63.68
Eritrea,2005,2826653.0,388.5959475,Sub-Saharan Africa,63.59
Eritrea,2006,2918209.0,415.0360305,Sub-Saharan Africa,63.69
Eritrea,2007,2996540.0,439.8321034,Sub-Saharan Africa,63.59
Eritrea,2008,3062782.0,450.6323989,Sub-Saharan Africa,63.62
Eritrea,2009,3119920.0,595.1099872,Sub-Saharan Africa,63.62
Eritrea,2010,3170437.0,501.355317,Sub-Saharan Africa,63.62
Estonia,1999,1390244.0,4140.936602,Europe & Central Asia,3.34
Estonia,2000,1396985.0,4070.609024,Europe & Central Asia,3.13
Estonia,2001,1388115.0,4505.858332,Europe & Central Asia,2.85
Estonia,2002,1379350.0,5341.628947,Europe & Central Asia,2.4699999999999998
Estonia,2003,1370720.0,7203.523038,Europe & Central Asia,3.49
Estonia,2004,1362550.0,8914.103557,Europe & Central Asia,1.9
Estonia,2005,1354775.0,10412.64431,Europe & Central Asia,2.17
Estonia,2006,1346810.0,12639.40007,Europe & Central Asia,3.99
Estonia,2007,1340680.0,16744.58445,Europe & Central Asia,1.65
Estonia,2008,1337090.0,18204.96648,Europe & Central Asia,1.47
Estonia,2009,1334515.0,14711.73527,Europe & Central Asia,2.61
Estonia,2010,1331475.0,14663.04461,Europe & Central Asia,1.1600000000000001
Eswatini,1982,629812.0,853.5499178,Sub-Saharan Africa,5.0
Eswatini,2000,1005432.0,1728.710498,Sub-Saharan Africa,21.43
Eswatini,2001,1013608.0,1521.769075,Sub-Saharan Africa,21.43
Eswatini,2002,1019054.0,1405.448706,Sub-Saharan Africa,25.78
Eswatini,2003,1022796.0,2148.632475,Sub-Saharan Africa,21.43
Eswatini,2004,1026287.0,2699.130742,Sub-Saharan Africa,21.37
Eswatini,2005,1030575.0,3083.838141,Sub-Saharan Africa,21.38
Eswatini,2006,1036095.0,3176.691168,Sub-Saharan Africa,21.35
Eswatini,2007,1042651.0,3327.445134,Sub-Saharan Africa,21.36
Eswatini,2008,1049948.0,3137.387266,Sub-Saharan Africa,21.44
Eswatini,2009,1057462.0,3385.858846,Sub-Saharan Africa,21.45
Eswatini,2010,1064841.0,4168.489403,Sub-Saharan Africa,21.5
Ethiopia,1986,41965696.0,234.6821764,Sub-Saharan Africa,6.5
Ethiopia,1991,49609976.0,271.3943735,Sub-Saharan Africa,222.0
Ethiopia,1994,55180993.0,125.5495813,Sub-Saharan Africa,38.0
Ethiopia,1998,62507724.0,125.0761411,Sub-Saharan Africa,157.005
Ethiopia,2000,66224809.0,124.4607909,Sub-Saharan Africa,103.09
Ethiopia,2001,68159422.0,120.7657837,Sub-Saharan Africa,103.09
Ethiopia,2002,70142090.0,111.9272251,Sub-Saharan Africa,103.09
Ethiopia,2003,72170581.0,119.490396,Sub-Saharan Africa,103.09
Ethiopia,2004,74239508.0,136.46625,Sub-Saharan Africa,103.09
Ethiopia,2005,76346310.0,162.4327286,Sub-Saharan Africa,102.96
Ethiopia,2006,78489205.0,194.6874329,Sub-Saharan Africa,102.96
Ethiopia,2007,80674343.0,244.2860523,Sub-Saharan Africa,114.202539784
Ethiopia,2008,82916236.0,326.4368228,Sub-Saharan Africa,106.75
Ethiopia,2009,85233923.0,380.5690032,Sub-Saharan Africa,106.42
Ethiopia,2010,87639962.0,341.5541227,Sub-Saharan Africa,112.09
Fiji,2000,811011.0,2069.317455,East Asia & Pacific,26.5
Fiji,2001,813923.0,2030.246351,East Asia & Pacific,34.0
Fiji,2002,815257.0,2248.714191,East Asia & Pacific,36.0
Fiji,2003,816078.0,2818.91392,East Asia & Pacific,33.0
Finland,2010,5363352.0,46505.30318,Europe & Central Asia,147.0
France,1991,58559309.0,21675.06499,Europe & Central Asia,6.36
France,1992,58851216.0,23813.71225,Europe & Central Asia,6.590000000000001
France,1993,59106758.0,22380.10775,Europe & Central Asia,5.22
France,1994,59327200.0,23496.52015,Europe & Central Asia,15.899999999999999
France,1995,59541904.0,26890.21762,Europe & Central Asia,16.33
France,1996,59753095.0,26871.83127,Europe & Central Asia,16.26
France,1997,59964841.0,24228.94639,Europe & Central Asia,15.78
France,1998,60186284.0,24974.27386,Europe & Central Asia,14.750000000000002
France,1999,60496708.0,24681.53701,Europe & Central Asia,15.010000000000002
France,2000,60912500.0,22419.69482,Europe & Central Asia,16.14
France,2001,61357432.0,22452.98238,Europe & Central Asia,16.94
France,2002,61805266.0,24292.58023,Europe & Central Asia,15.86
France,2003,62244880.0,29633.67898,Europe & Central Asia,15.92
France,2004,62704901.0,33803.3096,Europe & Central Asia,16.42
France,2005,63179356.0,34773.15015,Europe & Central Asia,43.75
France,2006,63621376.0,36474.15959,Europe & Central Asia,32.94
France,2007,64016227.0,41561.20051,Europe & Central Asia,44.24
France,2008,64374979.0,45519.29688,Europe & Central Asia,37.08
France,2009,64707035.0,41740.24303,Europe & Central Asia,43.5
France,2010,65027505.0,40677.98514,Europe & Central Asia,37.16
Georgia,1995,4657722.0,578.3446099,Europe & Central Asia,14.86
Georgia,1996,4491699.0,689.0594414,Europe & Central Asia,15.22
Georgia,1997,4349913.0,807.0322858,Europe & Central Asia,15.600000000000001
Georgia,1998,4243607.0,851.5259582,Europe & Central Asia,15.79
Georgia,1999,4157192.0,673.5434387,Europe & Central Asia,16.689999999999998
Georgia,2000,4077131.0,749.908535,Europe & Central Asia,15.89
Georgia,2001,4014373.0,801.9904139,Europe & Central Asia,16.41
Georgia,2002,3978515.0,853.5164537,Europe & Central Asia,15.809999999999999
Georgia,2003,3951736.0,1010.00798,Europe & Central Asia,15.200000000000001
Georgia,2004,3927340.0,1305.047486,Europe & Central Asia,13.73
Georgia,2005,3902469.0,1642.760938,Europe & Central Asia,17.16
Georgia,2006,3880347.0,1996.057129,Europe & Central Asia,21.17
Georgia,2007,3860158.0,2635.353882,Europe & Central Asia,16.54
Georgia,2008,3848449.0,3324.735879,Europe & Central Asia,14.28
Georgia,2009,3814419.0,2822.66743,Europe & Central Asia,10.82
Georgia,2010,3786695.0,3233.295943,Europe & Central Asia,8.85
Germany,1991,80013896.0,23357.75773,Europe & Central Asia,30.81
Germany,1992,80624598.0,26438.23039,Europe & Central Asia,30.04
Germany,1993,81156363.0,25522.62957,Europe & Central Asia,29.57
Germany,1994,81438348.0,27076.60675,Europe & Central Asia,29.419999999999998
Germany,1995,81678051.0,31658.34938,Europe & Central Asia,31.740000000000002
Germany,1996,81914831.0,30485.86655,Europe & Central Asia,33.339999999999996
Germany,1997,82034771.0,26964.04947,Europe & Central Asia,20.43
Germany,1998,82047195.0,27289.05936,Europe & Central Asia,22.57
Germany,1999,82100243.0,26734.94254,Europe & Central Asia,25.06
Germany,2000,82211508.0,23694.76048,Europe & Central Asia,28.630000000000003
Germany,2001,82349925.0,23628.32721,Europe & Central Asia,26.26
Germany,2002,82488495.0,25197.2656,Europe & Central Asia,24.759999999999998
Germany,2003,82534176.0,30310.3576,Europe & Central Asia,24.33
Germany,2004,82516260.0,34106.65812,Europe & Central Asia,27.27
Germany,2005,82469422.0,34520.23965,Europe & Central Asia,28.61
Germany,2006,82376451.0,36353.88033,Europe & Central Asia,20.95
Germany,2007,82266372.0,41640.08087,Europe & Central Asia,20.67
Germany,2008,82110097.0,45612.71062,Europe & Central Asia,18.71
Germany,2009,81902307.0,41650.36783,Europe & Central Asia,18.11
Germany,2010,81776930.0,41572.45595,Europe & Central Asia,18.83
Ghana,1981,11348287.0,372.0774435,Sub-Saharan Africa,4.0
Ghana,1982,11676828.0,345.6413332,Sub-Saharan Africa,83.0
Ghana,1987,13552021.0,374.4703415,Sub-Saharan Africa,60.8
Ghana,1995,17014058.0,379.9879849,Sub-Saharan Africa,183.335
Ghana,1996,17462504.0,397.135755,Sub-Saharan Africa,4.0
Ghana,1997,17908977.0,384.7963283,Sub-Saharan Africa,33.3
Ghana,1998,18357159.0,407.523237,Sub-Saharan Africa,127.4
Ghana,1999,18812369.0,410.3340116,Sub-Saharan Africa,10.0
Ghana,2000,19278850.0,258.4710399,Sub-Saharan Africa,115.43
Ghana,2001,19756929.0,269.0149848,Sub-Saharan Africa,80.22
Ghana,2002,20246376.0,304.564636,Sub-Saharan Africa,56.44
Ghana,2003,20750308.0,367.8213621,Sub-Saharan Africa,84.37
Ghana,2004,21272328.0,417.5080667,Sub-Saharan Africa,56.410000000000004
Ghana,2005,21814648.0,492.5440562,Sub-Saharan Africa,56.44
Ghana,2006,22379057.0,913.3938493,Sub-Saharan Africa,121.44
Ghana,2007,22963946.0,1081.166318,Sub-Saharan Africa,56.42
Ghana,2008,23563832.0,1217.064435,Sub-Saharan Africa,525.675
Ghana,2009,24170943.0,1077.662058,Sub-Saharan Africa,777.11
Ghana,2010,24779614.0,1299.345212,Sub-Saharan Africa,816.05
Guatemala,1991,9296814.0,1011.754966,Latin America & Caribbean,14.97
Guatemala,1992,9544055.0,1093.962908,Latin America & Caribbean,13.110000000000001
Guatemala,1993,9790619.0,1164.374025,Latin America & Caribbean,0.35
Guatemala,1994,10037522.0,1293.470198,Latin America & Caribbean,0.15
Guatemala,2005,12948292.0,2068.500129,Latin America & Caribbean,29.259999999999998
Guatemala,2006,13213330.0,2251.087963,Latin America & Caribbean,101.34
Guatemala,2007,13477017.0,2490.749127,Latin America & Caribbean,74.78
Guatemala,2008,13739299.0,2802.461962,Latin America & Caribbean,73.49
Guatemala,2009,14000190.0,2651.817123,Latin America & Caribbean,100.73
Guatemala,2010,14259687.0,2852.547327,Latin America & Caribbean,99.7
Guinea,2000,8240735.0,363.4822793,Sub-Saharan Africa,57.16
Guinea,2001,8417082.0,336.1540207,Sub-Saharan Africa,57.16
Guinea,2002,8586077.0,343.6026312,Sub-Saharan Africa,57.16
Guinea,2003,8753097.0,393.7396899,Sub-Saharan Africa,57.16
Guinea,2004,8925729.0,407.3009759,Sub-Saharan Africa,57.16
Guinea,2005,9109585.0,322.41554,Sub-Saharan Africa,57.16
Guinea,2006,9307421.0,453.4037133,Sub-Saharan Africa,57.16
Guinea,2007,9518159.0,659.992931,Sub-Saharan Africa,57.16
Guinea,2008,9738796.0,715.0965267,Sub-Saharan Africa,57.16
Guinea,2009,9964470.0,674.0854826,Sub-Saharan Africa,57.16
Guinea,2010,10192168.0,672.4249304,Sub-Saharan Africa,57.16
Guinea-Bissau,2000,1201305.0,308.9103184,Sub-Saharan Africa,68.84
Guinea-Bissau,2001,1227105.0,319.9574494,Sub-Saharan Africa,68.84
Guinea-Bissau,2002,1254454.0,333.0585793,Sub-Saharan Africa,68.84
Guinea-Bissau,2003,1283297.0,372.0561949,Sub-Saharan Africa,68.84
Guinea-Bissau,2004,1313492.0,405.0751184,Sub-Saharan Africa,68.84
Guinea-Bissau,2005,1344931.0,436.4752202,Sub-Saharan Africa,68.84
Guinea-Bissau,2006,1377582.0,430.0039403,Sub-Saharan Africa,68.84
Guinea-Bissau,2007,1411545.0,493.7219932,Sub-Saharan Africa,68.84
Guinea-Bissau,2008,1446936.0,599.9952372,Sub-Saharan Africa,68.84
Guinea-Bissau,2009,1483920.0,559.4145709,Sub-Saharan Africa,68.84
Guinea-Bissau,2010,1522603.0,558.1746681,Sub-Saharan Africa,68.84
Haiti,2010,9949318.0,1191.972664,Latin America & Caribbean,100.0
Honduras,1982,3910642.0,1090.998237,Latin America & Caribbean,5.5
Hungary,1991,10373400.0,3350.258323,Europe & Central Asia,16.939999999999998
Hungary,1992,10369341.0,3735.10582,Europe & Central Asia,21.17
Hungary,1993,10357523.0,3873.987723,Europe & Central Asia,7.7
Hungary,1994,10343355.0,4173.373024,Europe & Central Asia,7.23
Hungary,1995,10328965.0,4494.707624,Europe & Central Asia,5.33
Hungary,1996,10311238.0,4525.039103,Europe & Central Asia,65.75
Hungary,1997,10290486.0,4596.182622,Europe & Central Asia,68.61
Hungary,1998,10266570.0,4744.212264,Europe & Central Asia,59.97
Hungary,1999,10237530.0,4793.478522,Europe & Central Asia,64.21000000000001
Hungary,2000,10210971.0,4624.281657,Europe & Central Asia,72.21
Hungary,2001,10187576.0,5276.033189,Europe & Central Asia,47.64
Hungary,2002,10158608.0,6655.333009,Europe & Central Asia,44.95
Hungary,2003,10129552.0,8421.103313,Europe & Central Asia,37.33
Hungary,2004,10107146.0,10303.70419,Europe & Central Asia,17.490000000000002
Hungary,2005,10087065.0,11225.93258,Europe & Central Asia,15.91
Hungary,2006,10071370.0,11493.10041,Europe & Central Asia,11.23
Hungary,2007,10055780.0,13944.97101,Europe & Central Asia,8.89
Hungary,2008,10038188.0,15777.19202,Europe & Central Asia,7.85
Hungary,2009,10022650.0,13081.79264,Europe & Central Asia,12.95
Hungary,2010,10000023.0,13223.083,Europe & Central Asia,14.260000000000002
India,1991,891273202.0,303.0556077,South Asia,26.64
India,1992,909307018.0,316.9539272,South Asia,22.35
India,1993,927403866.0,301.1590023,South Asia,155.26
India,1994,945601828.0,346.1029514,South Asia,22.87
India,1995,963922586.0,373.7664808,South Asia,2.49
India,1999,1038058154.0,441.9987604,South Asia,74.8
India,2001,1075000094.0,451.5729973,South Asia,100.01
India,2002,1093317187.0,470.9867868,South Asia,99.4
India,2003,1111523146.0,546.7266135,South Asia,77.0
India,2004,1129623466.0,627.7742417,South Asia,45.099999999999994
India,2005,1147609924.0,714.8610154,South Asia,28.549999999999997
India,2006,1165486291.0,806.7532806,South Asia,458.559
India,2008,1200669762.0,998.5223415,South Asia,70.0
India,2009,1217726217.0,1101.960838,South Asia,104.35
India,2010,1234281163.0,1357.563727,South Asia,535.9
Indonesia,1987,171702756.0,442.2154853,East Asia & Pacific,21.0
Indonesia,1991,184591897.0,631.7828578,East Asia & Pacific,65.00999999999999
Indonesia,1992,187739786.0,681.9383856,East Asia & Pacific,47.620000000000005
Indonesia,1993,190851184.0,827.9052662,East Asia & Pacific,56.28
Indonesia,1994,193917458.0,912.2032939,East Asia & Pacific,53.65
Indonesia,1995,196934257.0,1026.393436,East Asia & Pacific,10.0
Indonesia,1996,199901231.0,1137.410101,East Asia & Pacific,55.72
Indonesia,1997,202826444.0,1063.712376,East Asia & Pacific,60.69
Indonesia,1998,205724597.0,463.9481582,East Asia & Pacific,58.519999999999996
Indonesia,2002,217357790.0,900.1775881,East Asia & Pacific,24.5
Indonesia,2005,226289468.0,1263.287332,East Asia & Pacific,1.1099999999999999
Indonesia,2006,229318262.0,1589.801489,East Asia & Pacific,8.555
Indonesia,2007,232374239.0,1860.002811,East Asia & Pacific,17.4
Indonesia,2010,241834226.0,3122.362673,East Asia & Pacific,30.0
Ireland,1991,3534235.0,14087.20744,Europe & Central Asia,13.61
Ireland,1992,3558430.0,15714.38475,Europe & Central Asia,18.23
Ireland,1993,3576261.0,14657.06155,Europe & Central Asia,20.45
Ireland,1994,3590386.0,15902.92968,Europe & Central Asia,27.47
Ireland,1995,3608841.0,19158.45648,Europe & Central Asia,5.15
Ireland,1996,3637510.0,20835.89771,Europe & Central Asia,17.48
Ireland,1997,3674171.0,22551.11391,Europe & Central Asia,18.96
Ireland,1998,3712696.0,24294.85477,Europe & Central Asia,15.899999999999999
Ireland,1999,3754786.0,26338.10775,Europe & Central Asia,12.99
Ireland,2000,3805174.0,26334.56721,Europe & Central Asia,13.94
Ireland,2001,3866243.0,28282.40988,Europe & Central Asia,13.120000000000001
Ireland,2002,3931947.0,32705.43456,Europe & Central Asia,13.82
Ireland,2003,3996521.0,41203.52958,Europe & Central Asia,9.14
Ireland,2004,4070262.0,47754.20232,Europe & Central Asia,12.4
Ireland,2005,4159914.0,50933.02161,Europe & Central Asia,8.790000000000001
Ireland,2006,4273591.0,54329.16186,Europe & Central Asia,7.5600000000000005
Ireland,2007,4398942.0,61396.41746,Europe & Central Asia,7.79
Ireland,2008,4489544.0,61353.10656,Europe & Central Asia,6.709999999999999
Ireland,2009,4535375.0,52133.09062,Europe & Central Asia,9.07
Ireland,2010,4560155.0,48655.36616,Europe & Central Asia,7.6899999999999995
Israel,1995,5545000.0,18143.4991,Middle East & North Africa,12.3
Israel,1996,5692000.0,19357.10935,Middle East & North Africa,10.82
Israel,1997,5836000.0,19663.03842,Middle East & North Africa,9.99
Israel,1998,5971000.0,19427.07799,Middle East & North Africa,10.37
Israel,1999,6125000.0,19129.19479,Middle East & North Africa,10.63
Israel,2000,6289000.0,21061.48228,Middle East & North Africa,13.25
Israel,2001,6439000.0,20316.24805,Middle East & North Africa,6.39
Israel,2002,6570000.0,18439.64616,Middle East & North Africa,5.56
Israel,2003,6689700.0,18991.37985,Middle East & North Africa,3.39
Israel,2004,6809000.0,19910.61067,Middle East & North Africa,2.45
Israel,2005,6930100.0,20585.13861,Middle East & North Africa,3.06
Israel,2006,7053700.0,21853.14024,Middle East & North Africa,1.66
Israel,2007,7180100.0,24952.54759,Middle East & North Africa,2.22
Israel,2008,7308800.0,29650.77025,Middle East & North Africa,1.46
Israel,2009,7485600.0,27780.46372,Middle East & North Africa,1.38
Israel,2010,7623600.0,30780.02382,Middle East & North Africa,2.29
Italy,1991,56758521.0,21956.52977,Europe & Central Asia,5.45
Italy,1992,56797087.0,23243.47453,Europe & Central Asia,4.8100000000000005
Italy,1993,56831821.0,18738.7639,Europe & Central Asia,0.02
Italy,1994,56843400.0,19337.6309,Europe & Central Asia,0.18000000000000002
Italy,1995,56844303.0,20664.55227,Europe & Central Asia,1.96
Italy,1996,56860281.0,23081.60468,Europe & Central Asia,1.1400000000000001
Italy,1997,56890372.0,21829.34582,Europe & Central Asia,0.29
Japan,1991,123964000.0,28915.0082,East Asia & Pacific,26.57
Japan,1992,124425000.0,31414.98464,East Asia & Pacific,24.34
Japan,1993,124829000.0,35681.96394,East Asia & Pacific,25.03
Japan,1994,125178000.0,39933.51506,East Asia & Pacific,24.14
Japan,1995,125472000.0,44197.6191,East Asia & Pacific,27.75
Japan,1996,125757000.0,39150.03963,East Asia & Pacific,28.59
Japan,1997,126057000.0,35638.23196,East Asia & Pacific,25.89
Japan,1998,126400000.0,32423.75561,East Asia & Pacific,26.41
Japan,1999,126631000.0,36610.16832,East Asia & Pacific,26.16
Japan,2000,126843000.0,39169.35957,East Asia & Pacific,27.77
Japan,2001,127149000.0,34406.18246,East Asia & Pacific,28.400000000000002
Japan,2002,127445000.0,32820.79364,East Asia & Pacific,33.09
Japan,2003,127718000.0,35387.03742,East Asia & Pacific,23.91
Japan,2004,127761000.0,38298.98017,East Asia & Pacific,20.59
Japan,2005,127773000.0,37812.89502,East Asia & Pacific,20.509999999999998
Japan,2006,127854000.0,35991.546,East Asia & Pacific,22.5
Japan,2007,128001000.0,35779.02454,East Asia & Pacific,25.88
Japan,2008,128063000.0,39876.30397,East Asia & Pacific,26.25
Japan,2009,128047000.0,41308.99684,East Asia & Pacific,24.5
Japan,2010,128070000.0,44968.15623,East Asia & Pacific,27.54
Jordan,2002,5317514.0,1802.055064,Middle East & North Africa,90.88
Jordan,2003,5434036.0,1876.259338,Middle East & North Africa,8.6
Jordan,2004,5580241.0,2044.963723,Middle East & North Africa,8.02
Jordan,2005,5765639.0,2183.394643,Middle East & North Africa,11.79
Jordan,2006,5991547.0,2513.028732,Middle East & North Africa,12.68
Jordan,2007,6255290.0,2735.378767,Middle East & North Africa,10.14
Jordan,2008,6556473.0,3455.769953,Middle East & North Africa,6.91
Jordan,2009,6893258.0,3559.692102,Middle East & North Africa,8.04
Jordan,2010,7261541.0,3736.645462,Middle East & North Africa,13.36
Kazakhstan,1992,16439095.0,1515.737659,Europe & Central Asia,13.79
Kazakhstan,1993,16380672.0,1429.078177,Europe & Central Asia,14.139999999999999
Kazakhstan,1994,16145766.0,1316.183629,Europe & Central Asia,14.02
Kazakhstan,1995,15816243.0,1288.188519,Europe & Central Asia,19.95
Kazakhstan,1996,15578227.0,1350.30567,Europe & Central Asia,16.63
Kazakhstan,1997,15334405.0,1445.503237,Europe & Central Asia,14.280000000000001
Kazakhstan,1998,15071640.0,1468.669291,Europe & Central Asia,19.48
Kazakhstan,1999,14928374.0,1130.117844,Europe & Central Asia,17.16
Kazakhstan,2000,14883626.0,1229.001247,Europe & Central Asia,14.81
Kazakhstan,2001,14858335.0,1490.92709,Europe & Central Asia,29.57
Kazakhstan,2002,14858948.0,1658.030785,Europe & Central Asia,29.529999999999998
Kazakhstan,2003,14909019.0,2068.123979,Europe & Central Asia,3.53
Kazakhstan,2004,15012984.0,2874.288483,Europe & Central Asia,28.31
Kazakhstan,2005,15147029.0,3771.278957,Europe & Central Asia,27.619999999999997
Kazakhstan,2006,15308085.0,5291.575305,Europe & Central Asia,28.88
Kazakhstan,2007,15484192.0,6771.414797,Europe & Central Asia,28.55
Kazakhstan,2008,15776938.0,8458.017154,Europe & Central Asia,26.52
Kazakhstan,2009,16092822.0,7165.223175,Europe & Central Asia,27.619999999999997
Kazakhstan,2010,16321872.0,9070.488253,Europe & Central Asia,28.98
Kenya,1982,17736326.0,362.6218506,Sub-Saharan Africa,28.5
Kenya,1994,26950508.0,265.2323057,Sub-Saharan Africa,32.0
Kenya,2000,31964557.0,397.4826588,Sub-Saharan Africa,91.83
Kenya,2001,32848569.0,395.3294716,Sub-Saharan Africa,91.83
Kenya,2002,33751746.0,389.5426302,Sub-Saharan Africa,91.83
Kenya,2003,34678781.0,429.787819,Sub-Saharan Africa,91.83
Kenya,2004,35635267.0,451.6687666,Sub-Saharan Africa,108.55
Kenya,2005,36624897.0,511.6163943,Sub-Saharan Africa,94.3
Kenya,2006,37649039.0,685.9544229,Sub-Saharan Africa,124.25
Kenya,2007,38705934.0,825.666555,Sub-Saharan Africa,102.3
Kenya,2008,39791984.0,902.0699578,Sub-Saharan Africa,94.26
Kenya,2009,40901798.0,1035.338787,Sub-Saharan Africa,134.77
Kenya,2010,42030684.0,1080.296184,Sub-Saharan Africa,244.34
Lesotho,2000,2032805.0,436.4881373,Sub-Saharan Africa,43.71
Lesotho,2001,2035738.0,405.6057121,Sub-Saharan Africa,43.71
Lesotho,2002,2029832.0,382.1896086,Sub-Saharan Africa,43.71
Lesotho,2003,2018355.0,573.6517781,Sub-Saharan Africa,43.71
Lesotho,2004,2005953.0,753.3759044,Sub-Saharan Africa,43.92
Lesotho,2005,1996115.0,842.812631,Sub-Saharan Africa,43.61
Lesotho,2006,1989933.0,904.6061298,Sub-Saharan Africa,44.22
Lesotho,2007,1986926.0,846.5423208,Sub-Saharan Africa,43.91
Lesotho,2008,1987130.0,889.1342855,Sub-Saharan Africa,43.769999999999996
Lesotho,2009,1990135.0,874.7298605,Sub-Saharan Africa,44.69
Lesotho,2010,1995575.0,1119.843641,Sub-Saharan Africa,50.04
Liberia,2000,2848447.0,306.8338642,Sub-Saharan Africa,11.86
Liberia,2001,2953928.0,306.7102516,Sub-Saharan Africa,11.86
Liberia,2002,3024727.0,306.4739396,Sub-Saharan Africa,11.860000000000001
Liberia,2003,3077055.0,243.0895775,Sub-Saharan Africa,11.860000000000001
Liberia,2004,3135654.0,286.0647253,Sub-Saharan Africa,11.860000000000001
Liberia,2005,3218114.0,294.8932201,Sub-Saharan Africa,11.86
Liberia,2006,3329211.0,336.1156743,Sub-Saharan Africa,11.860000000000001
Liberia,2007,3461911.0,396.6017613,Sub-Saharan Africa,11.86
Liberia,2008,3607863.0,478.3995401,Sub-Saharan Africa,11.850000000000001
Liberia,2009,3754129.0,470.9481214,Sub-Saharan Africa,11.850000000000001
Liberia,2010,3891357.0,513.4455667,Sub-Saharan Africa,11.850000000000001
Lithuania,1995,3629102.0,2167.792582,Europe & Central Asia,4.17
Lithuania,1996,3601613.0,2327.434857,Europe & Central Asia,5.09
Lithuania,1997,3575137.0,2830.278071,Europe & Central Asia,5.96
Lithuania,1998,3549331.0,3166.666533,Europe & Central Asia,5.7
Lithuania,1999,3524238.0,3113.17906,Europe & Central Asia,6.47
Lithuania,2000,3499536.0,3293.229979,Europe & Central Asia,9.19
Lithuania,2001,3470818.0,3525.793632,Europe & Central Asia,17.150000000000002
Lithuania,2002,3443067.0,4141.592702,Europe & Central Asia,12.42
Lithuania,2003,3415213.0,5499.428989,Europe & Central Asia,13.08
Lithuania,2004,3377075.0,6700.327192,Europe & Central Asia,16.2
Lithuania,2005,3322528.0,7854.765279,Europe & Central Asia,13.799999999999999
Lithuania,2006,3269909.0,9230.707981,Europe & Central Asia,12.4
Lithuania,2007,3231294.0,12285.44705,Europe & Central Asia,10.29
Lithuania,2008,3198231.0,14944.99665,Europe & Central Asia,8.93
Lithuania,2009,3162916.0,11820.77616,Europe & Central Asia,10.19
Lithuania,2010,3097282.0,11987.50841,Europe & Central Asia,11.6
Luxembourg,2000,436300.0,48659.59888,Europe & Central Asia,4.27
Madagascar,1991,11942809.0,272.5249191,Sub-Saharan Africa,11.0
Madagascar,2000,15766806.0,293.6071574,Sub-Saharan Africa,11.99
Madagascar,2001,16260933.0,334.4416177,Sub-Saharan Africa,11.99
Madagascar,2002,16765122.0,319.2163788,Sub-Saharan Africa,11.99
Madagascar,2003,17279139.0,368.7972369,Sub-Saharan Africa,11.99
Madagascar,2004,17802992.0,284.4877263,Sub-Saharan Africa,11.99
Madagascar,2005,18336722.0,319.5374751,Sub-Saharan Africa,11.98
Madagascar,2006,18880265.0,338.7511983,Sub-Saharan Africa,11.97
Madagascar,2007,19433520.0,438.6555158,Sub-Saharan Africa,11.98
Madagascar,2008,19996476.0,536.3514017,Sub-Saharan Africa,11.98
Madagascar,2009,20569115.0,467.5397834,Sub-Saharan Africa,11.99
Madagascar,2010,21151640.0,471.9592116,Sub-Saharan Africa,11.99
Malawi,1981,6412380.0,193.0150259,Sub-Saharan Africa,10.05
Malawi,1982,6565985.0,179.7299592,Sub-Saharan Africa,34.0
Malawi,1991,9600361.0,229.5273955,Sub-Saharan Africa,12.0
Malawi,2000,11148751.0,156.3858168,Sub-Saharan Africa,85.84
Malawi,2001,11432001.0,150.1489426,Sub-Saharan Africa,85.84
Malawi,2002,11713663.0,298.4334104,Sub-Saharan Africa,90.74
Malawi,2003,12000183.0,267.3990119,Sub-Saharan Africa,85.84
Malawi,2004,12301837.0,282.5671076,Sub-Saharan Africa,85.69
Malawi,2005,12625950.0,289.5552148,Sub-Saharan Africa,85.33
Malawi,2006,12973693.0,308.1636182,Sub-Saharan Africa,85.82
Malawi,2007,13341808.0,332.2590946,Sub-Saharan Africa,85.87
Malawi,2008,13727899.0,387.6057212,Sub-Saharan Africa,86.59
Malawi,2009,14128161.0,438.2118568,Sub-Saharan Africa,114.23
Malawi,2010,14539609.0,478.6686885,Sub-Saharan Africa,125.02000000000001
Malaysia,2007,26720367.0,7243.456801,East Asia & Pacific,28.0
Malaysia,2010,28208028.0,9040.568495,East Asia & Pacific,28.0
Mali,1982,7388670.0,180.5134383,Sub-Saharan Africa,23.5
Mali,1987,8062216.0,259.312078,Sub-Saharan Africa,3.0
Mali,2000,10946448.0,270.5430066,Sub-Saharan Africa,72.17
Mali,2001,11271603.0,307.7058286,Sub-Saharan Africa,72.13
Mali,2002,11616890.0,336.4171745,Sub-Saharan Africa,72.24
Mali,2003,11982692.0,393.4067552,Sub-Saharan Africa,72.26
Mali,2004,12369078.0,440.9584225,Sub-Saharan Africa,72.26
Mali,2005,12775509.0,489.0228556,Sub-Saharan Africa,72.19
Mali,2006,13203378.0,523.0429833,Sub-Saharan Africa,72.52
Mali,2007,13651455.0,597.4798157,Sub-Saharan Africa,72.44
Mali,2008,14113578.0,697.0878037,Sub-Saharan Africa,72.52
Mali,2009,14581427.0,701.7120055,Sub-Saharan Africa,72.42
Mali,2010,15049352.0,710.2743036,Sub-Saharan Africa,72.36
Mauritania,2000,2630217.0,676.5690224,Sub-Saharan Africa,65.28
Mauritania,2001,2702405.0,646.1151155,Sub-Saharan Africa,65.28
Mauritania,2002,2778097.0,639.6675829,Sub-Saharan Africa,65.28
Mauritania,2003,2857150.0,717.8998676,Sub-Saharan Africa,65.28
Mauritania,2004,2939246.0,803.7779156,Sub-Saharan Africa,65.28
Mauritania,2005,3024198.0,970.8423607,Sub-Saharan Africa,65.28
Mauritania,2006,3111908.0,1259.541505,Sub-Saharan Africa,65.28
Mauritania,2007,3202512.0,1357.124285,Sub-Saharan Africa,65.28
Mauritania,2008,3296237.0,1579.511548,Sub-Saharan Africa,65.28
Mauritania,2009,3393408.0,1389.338533,Sub-Saharan Africa,65.28
Mauritania,2010,3494200.0,1610.92063,Sub-Saharan Africa,65.28
Mauritius,1991,1070266.0,2669.3277,Sub-Saharan Africa,2.7800000000000002
Mauritius,1992,1084441.0,2973.206977,Sub-Saharan Africa,2.67
Mauritius,1993,1097374.0,2973.797821,Sub-Saharan Africa,2.08
Mauritius,1994,1112846.0,3197.331024,Sub-Saharan Africa,2.2
Mauritius,1995,1122457.0,3599.555202,Sub-Saharan Africa,2.5
Mauritius,1996,1133996.0,3899.435192,Sub-Saharan Africa,2.08
Mauritius,1997,1148284.0,3646.630626,Sub-Saharan Africa,1.81
Mauritius,1998,1160421.0,3593.234081,Sub-Saharan Africa,2.5
Mauritius,1999,1175267.0,3695.934909,Sub-Saharan Africa,2.04
Mauritius,2000,1186873.0,3929.075495,Sub-Saharan Africa,2.12
Mauritius,2001,1196287.0,3856.625227,Sub-Saharan Africa,2.46
Mauritius,2002,1204621.0,4018.948897,Sub-Saharan Africa,2.08
Mauritius,2003,1213370.0,4793.718179,Sub-Saharan Africa,1.22
Mauritius,2004,1221003.0,5388.065784,Sub-Saharan Africa,2.52
Mauritius,2005,1228254.0,5282.906022,Sub-Saharan Africa,3.72
Mauritius,2006,1233996.0,5695.969327,Sub-Saharan Africa,27.53
Mauritius,2007,1239630.0,6574.654338,Sub-Saharan Africa,23.97
Mauritius,2008,1244121.0,8030.063005,Sub-Saharan Africa,24.26
Mauritius,2009,1247429.0,7318.12641,Sub-Saharan Africa,28.0
Mauritius,2010,1250400.0,8000.376432,Sub-Saharan Africa,25.72
Mexico,1991,85512621.0,3661.947965,Latin America & Caribbean,10.0
Mexico,1994,90156396.0,5854.418117,Latin America & Caribbean,10.0
Mexico,1996,93147045.0,4412.116298,Latin America & Caribbean,35.0
Mexico,2007,109170503.0,9642.680517,Latin America & Caribbean,20.0
Morocco,1991,25260407.0,1266.848877,Middle East & North Africa,10.0
Mozambique,2000,17711925.0,319.3596208,Sub-Saharan Africa,66.45
Mozambique,2001,18221884.0,296.2684069,Sub-Saharan Africa,66.45
Mozambique,2002,18764147.0,302.5452337,Sub-Saharan Africa,66.45
Mozambique,2003,19331097.0,326.0751909,Sub-Saharan Africa,64.09
Mozambique,2004,19910549.0,383.2702219,Sub-Saharan Africa,65.19
Mozambique,2005,20493927.0,416.8098242,Sub-Saharan Africa,80.38
Mozambique,2006,21080108.0,435.3340633,Sub-Saharan Africa,63.23
Mozambique,2007,21673319.0,482.1985636,Sub-Saharan Africa,63.35
Mozambique,2008,22276596.0,563.6496343,Sub-Saharan Africa,66.45
Mozambique,2009,22894718.0,520.4026316,Sub-Saharan Africa,66.45
Mozambique,2010,23531567.0,471.90436,Sub-Saharan Africa,66.45
Myanmar,1994,43383421.0,88.08746963,East Asia & Pacific,17.2
Myanmar,2003,48148907.0,161.0555236,East Asia & Pacific,5.0
Myanmar,2004,48564489.0,193.3687658,East Asia & Pacific,5.0
Myanmar,2005,48949931.0,216.3115014,East Asia & Pacific,5.0
Myanmar,2006,49301049.0,240.6240142,East Asia & Pacific,5.4
Myanmar,2007,49621479.0,314.2022942,East Asia & Pacific,5.61
Myanmar,2008,49929642.0,460.9088892,East Asia & Pacific,5.43
Myanmar,2009,50250366.0,586.1681802,East Asia & Pacific,5.22
Namibia,2000,1794583.0,2185.604115,Sub-Saharan Africa,35.089999999999996
Namibia,2001,1823667.0,1950.648536,Sub-Saharan Africa,35.09
Namibia,2002,1851519.0,1808.884899,Sub-Saharan Africa,35.09
Namibia,2003,1879113.0,2621.700395,Sub-Saharan Africa,35.09
Namibia,2004,1907737.0,3464.418226,Sub-Saharan Africa,35.089999999999996
Namibia,2005,1938316.0,3739.531717,Sub-Saharan Africa,35.089999999999996
Namibia,2006,1971318.0,4059.101348,Sub-Saharan Africa,35.09
Namibia,2007,2006516.0,4405.410399,Sub-Saharan Africa,35.29
Namibia,2008,2043382.0,4212.367197,Sub-Saharan Africa,34.88
Namibia,2009,2081039.0,4295.387143,Sub-Saharan Africa,35.08
Namibia,2010,2118877.0,5394.996712,Sub-Saharan Africa,35.08
Nepal,1982,15729431.0,152.2896698,South Asia,12.0
Nepal,1991,19405506.0,202.0805891,South Asia,158.51
Nepal,1992,19938322.0,170.5866512,South Asia,41.63
Nepal,1994,21040899.0,193.2795509,South Asia,13.35
Nepal,1995,21576074.0,203.9807806,South Asia,12.62
Nepal,1997,22584772.0,217.7879819,South Asia,33.76
Nepal,1998,23057875.0,210.6115609,South Asia,34.68
Nepal,1999,23509971.0,214.1067032,South Asia,34.27
Nepal,2000,23941099.0,229.4903926,South Asia,268.45
Nepal,2001,24347113.0,246.7255581,South Asia,62.45
Nepal,2002,24725625.0,244.7208435,South Asia,40.0
Nepal,2003,25080880.0,252.4023518,South Asia,244.42000000000002
Nepal,2004,25419337.0,286.1576726,South Asia,37.6
Nepal,2005,25744500.0,315.80563,South Asia,111.2
Netherlands,1991,15069798.0,21732.23076,Europe & Central Asia,10.760000000000002
Netherlands,1992,15184166.0,23904.03742,Europe & Central Asia,4.12
Netherlands,1993,15290368.0,23122.41077,Europe & Central Asia,5.01
Netherlands,1994,15382838.0,24646.31431,Europe & Central Asia,2.63
Netherlands,1995,15459006.0,29258.13435,Europe & Central Asia,18.84
Netherlands,1996,15530498.0,29006.80945,Europe & Central Asia,13.28
Netherlands,1997,15610650.0,26700.53713,Europe & Central Asia,12.7
Netherlands,1998,15707209.0,27885.80838,Europe & Central Asia,31.54
Netherlands,1999,15812088.0,28272.64325,Europe & Central Asia,8.4
Netherlands,2000,15925513.0,26214.49855,Europe & Central Asia,14.99
Netherlands,2001,16046180.0,26896.54811,Europe & Central Asia,19.01
Netherlands,2002,16148929.0,29343.245,Europe & Central Asia,15.86
Netherlands,2003,16225302.0,35750.97466,Europe & Central Asia,15.66
Netherlands,2004,16281779.0,40436.61823,Europe & Central Asia,3.21
Netherlands,2005,16319868.0,41994.71353,Europe & Central Asia,2.6
Netherlands,2006,16346101.0,44900.93814,Europe & Central Asia,3.88
Netherlands,2007,16381696.0,51799.20855,Europe & Central Asia,3.96
Netherlands,2008,16445593.0,57879.94376,Europe & Central Asia,4.25
Netherlands,2009,16530388.0,52722.21306,Europe & Central Asia,4.739999999999999
Netherlands,2010,16615394.0,50999.74512,Europe & Central Asia,4.4
New Zealand,1992,3531700.0,11793.13924,East Asia & Pacific,8.01
New Zealand,1993,3572200.0,13094.34545,East Asia & Pacific,8.059999999999999
New Zealand,1994,3620000.0,15280.31278,East Asia & Pacific,8.05
New Zealand,1995,3673400.0,17400.42018,East Asia & Pacific,7.91
New Zealand,1996,3732000.0,18794.43604,East Asia & Pacific,7.88
New Zealand,2000,3857700.0,13641.10272,East Asia & Pacific,26.5
New Zealand,2001,3880500.0,13882.85683,East Asia & Pacific,34.0
New Zealand,2002,3948500.0,16874.18749,East Asia & Pacific,36.0
New Zealand,2003,4027200.0,21913.70817,East Asia & Pacific,33.0
Nicaragua,1991,4267570.0,348.8646053,Latin America & Caribbean,28.71
Nicaragua,1992,4364514.0,410.7673844,Latin America & Caribbean,21.220000000000002
Nicaragua,1993,4462496.0,393.6035457,Latin America & Caribbean,22.65
Nicaragua,1994,4559010.0,847.3736884,Latin America & Caribbean,25.060000000000002
Nicaragua,1995,4652185.0,890.0054491,Latin America & Caribbean,21.67
Nicaragua,1996,4741571.0,908.6338479,Latin America & Caribbean,25.34
Nicaragua,1997,4827658.0,909.3364921,Latin America & Caribbean,34.449999999999996
Nicaragua,1998,4910642.0,943.9228567,Latin America & Caribbean,24.21
Nicaragua,1999,4991041.0,972.8867935,Latin America & Caribbean,31.68
Nicaragua,2000,5069310.0,1007.499839,Latin America & Caribbean,26.21
Nicaragua,2001,5145367.0,1034.551387,Latin America & Caribbean,26.6
Nicaragua,2002,5219324.0,1000.936715,Latin America & Caribbean,25.91
Nicaragua,2003,5292115.0,1005.733044,Latin America & Caribbean,23.24
Nicaragua,2004,5364930.0,1080.269119,Latin America & Caribbean,25.299999999999997
Nicaragua,2005,5438692.0,1162.289685,Latin America & Caribbean,21.400000000000002
Nicaragua,2006,5513757.0,1226.633987,Latin America & Caribbean,24.12
Niger,1983,6528646.0,276.1827999,Sub-Saharan Africa,7.56
Niger,1987,7328934.0,304.6835764,Sub-Saharan Africa,6.7
Niger,2000,11331561.0,197.8326834,Sub-Saharan Africa,51.5
Niger,2001,11751364.0,208.3770599,Sub-Saharan Africa,51.5
Niger,2002,12189988.0,228.2359086,Sub-Saharan Africa,51.5
Niger,2003,12647983.0,268.349893,Sub-Saharan Africa,51.5
Niger,2004,13125914.0,286.4900658,Sub-Saharan Africa,51.5
Niger,2005,13624474.0,321.7236612,Sub-Saharan Africa,51.5
Niger,2006,14143969.0,336.2819503,Sub-Saharan Africa,66.5
Niger,2007,14685404.0,390.2844802,Sub-Saharan Africa,51.5
Niger,2008,15250913.0,478.502559,Sub-Saharan Africa,51.5
Niger,2009,15843131.0,464.057999,Sub-Saharan Africa,51.480000000000004
Niger,2010,16464025.0,476.8695322,Sub-Saharan Africa,51.5
Nigeria,1982,77427539.0,1843.909353,Sub-Saharan Africa,119.4
Nigeria,1987,88048029.0,598.2648621,Sub-Saharan Africa,4.0
Nigeria,1997,113457661.0,479.9837641,Sub-Saharan Africa,15.4
Nigeria,2000,122283853.0,567.9307221,Sub-Saharan Africa,53.68
Nigeria,2001,125394046.0,590.381815,Sub-Saharan Africa,53.71
Nigeria,2002,128596079.0,741.7474939,Sub-Saharan Africa,53.85
Nigeria,2003,131900634.0,795.3862287,Sub-Saharan Africa,53.83
Nigeria,2004,135320420.0,1007.874342,Sub-Saharan Africa,53.76
Nigeria,2005,138865014.0,1268.383462,Sub-Saharan Africa,53.79
Nigeria,2006,142538305.0,1656.424794,Sub-Saharan Africa,53.77
Nigeria,2007,146339971.0,1883.461388,Sub-Saharan Africa,53.85
Nigeria,2008,150269622.0,2259.114059,Sub-Saharan Africa,53.84
Nigeria,2009,154324939.0,1911.607866,Sub-Saharan Africa,53.9
Nigeria,2010,158503203.0,2280.437337,Sub-Saharan Africa,357.94
Norway,1991,4261732.0,28596.933,Europe & Central Asia,6.26
Norway,1992,4286401.0,30523.98506,Europe & Central Asia,10.77
Pakistan,1980,78054346.0,303.0509594,South Asia,44.225
Pakistan,1983,86285936.0,332.5210468,South Asia,19.73
Pakistan,1984,89213708.0,349.1820502,South Asia,22.7
Pakistan,1985,92191505.0,337.8285325,South Asia,18.45
Pakistan,1986,95215375.0,335.0201588,South Asia,18.8
Pakistan,1987,98285762.0,339.3322552,South Asia,19.2
Pakistan,1988,101389603.0,379.4545167,South Asia,3.95
Pakistan,1991,110778655.0,411.859439,South Asia,31.369999999999997
Pakistan,1992,113911126.0,429.1469022,South Asia,7.98
Pakistan,1994,120362764.0,434.4654042,South Asia,7.245
Pakistan,1995,123776835.0,489.8818298,South Asia,23.6
Pakistan,2001,145978408.0,544.4942514,South Asia,144.82999999999998
Pakistan,2003,153093371.0,599.3763305,South Asia,242.88
Pakistan,2005,160304007.0,748.9225893,South Asia,88.1
Pakistan,2007,167808106.0,908.0950852,South Asia,46.400000000000006
Pakistan,2008,171648984.0,990.8466112,South Asia,62.8
Pakistan,2009,175525610.0,957.9956753,South Asia,62.8
Pakistan,2010,179424643.0,987.409712,South Asia,62.8
Panama,1991,2523115.0,2803.944925,Latin America & Caribbean,73.19
Panama,1992,2575949.0,3122.087316,Latin America & Caribbean,73.98
Panama,1993,2629584.0,3339.914374,Latin America & Caribbean,5.01
Panama,1995,2739667.0,3494.51729,Latin America & Caribbean,73.53999999999999
Panama,1996,2796291.0,3529.852222,Latin America & Caribbean,78.98
Panama,1997,2853907.0,3741.28733,Latin America & Caribbean,81.33
Panama,1998,2912318.0,3974.664305,Latin America & Caribbean,80.33
Panama,1999,2971197.0,4082.614583,Latin America & Caribbean,78.76
Panama,2000,3030333.0,4060.317793,Latin America & Caribbean,79.2
Panama,2001,3089641.0,4046.429148,Latin America & Caribbean,79.16
Panama,2002,3149195.0,4126.232386,Latin America & Caribbean,84.01
Panama,2003,3209056.0,4267.292687,Latin America & Caribbean,84.49
Panama,2004,3269356.0,4592.152614,Latin America & Caribbean,84.1
Panama,2005,3330222.0,4916.907612,Latin America & Caribbean,83.27
Panama,2006,3391673.0,5348.884253,Latin America & Caribbean,82.69
Panama,2007,3453671.0,6166.187862,Latin America & Caribbean,66.85
Panama,2008,3516204.0,7154.274496,Latin America & Caribbean,65.46
Panama,2009,3579215.0,7576.140467,Latin America & Caribbean,69.6
Panama,2010,3642691.0,8082.01618,Latin America & Caribbean,72.0
Peru,1991,22522383.0,1524.770536,Latin America & Caribbean,1523.85
Peru,1992,22966822.0,1566.011279,Latin America & Caribbean,1476.09
Peru,1993,23408135.0,1488.032995,Latin America & Caribbean,1461.11
Peru,1994,23851405.0,1881.737355,Latin America & Caribbean,1264.74
Peru,1995,24299168.0,2194.017247,Latin America & Caribbean,1111.55
Peru,1996,24753825.0,2232.075816,Latin America & Caribbean,1131.03
Peru,1997,25210957.0,2306.438527,Latin America & Caribbean,898.2
Peru,1998,25658070.0,2163.119357,Latin America & Caribbean,882.39
Peru,1999,26078295.0,1924.486419,Latin America & Caribbean,687.01
Peru,2000,26459944.0,1955.588006,Latin America & Caribbean,744.59
Peru,2001,26799289.0,1941.475342,Latin America & Caribbean,738.2
Peru,2002,27100964.0,2021.240038,Latin America & Caribbean,752.05
Peru,2003,27372217.0,2145.643889,Latin America & Caribbean,715.89
Peru,2004,27624226.0,2417.034363,Latin America & Caribbean,714.81
Peru,2005,27866140.0,2729.499172,Latin America & Caribbean,736.98
Peru,2006,28102055.0,3154.331349,Latin America & Caribbean,736.46
Peru,2007,28333050.0,3606.070689,Latin America & Caribbean,619.12
Philippines,1992,65020124.0,929.2862821,East Asia & Pacific,1.43
Philippines,1993,66593904.0,931.5661269,East Asia & Pacific,1.5
Philippines,1994,68180846.0,1073.017568,East Asia & Pacific,1.5
Philippines,1995,69784087.0,1212.944437,East Asia & Pacific,1.5
Philippines,1996,71401743.0,1325.571064,East Asia & Pacific,100.18
Philippines,1997,73030879.0,1288.580731,East Asia & Pacific,1.49
Philippines,1998,74672009.0,997.5936933,East Asia & Pacific,1.5
Philippines,1999,76325927.0,1122.032017,East Asia & Pacific,1.49
Philippines,2000,77991757.0,1072.801752,East Asia & Pacific,1.49
Philippines,2001,79672869.0,990.5659913,East Asia & Pacific,1.5
Philippines,2002,81365260.0,1036.158331,East Asia & Pacific,1.49
Philippines,2003,83051970.0,1048.008205,East Asia & Pacific,70.5
Philippines,2006,87888675.0,1452.438089,East Asia & Pacific,0.84
Philippines,2007,89405482.0,1744.639979,East Asia & Pacific,18.29
Philippines,2008,90901967.0,1998.02692,East Asia & Pacific,0.76
Philippines,2009,92414161.0,1904.196388,East Asia & Pacific,0.75
Poland,1991,38246193.0,2235.541089,Europe & Central Asia,141.89
Poland,1992,38363667.0,2459.020685,Europe & Central Asia,117.34
Poland,1993,38461408.0,2497.195241,Europe & Central Asia,17.259999999999998
Poland,1994,38542652.0,2874.825311,Europe & Central Asia,13.379999999999999
Poland,1995,38594998.0,3686.8193,Europe & Central Asia,13.360000000000001
Poland,1996,38624370.0,4147.465501,Europe & Central Asia,16.82
Poland,1997,38649660.0,4123.135618,Europe & Central Asia,14.68
Poland,1998,38663481.0,4518.108226,Europe & Central Asia,15.469999999999999
Poland,1999,38660271.0,4398.081043,Europe & Central Asia,12.719999999999999
Poland,2000,38258629.0,4501.454067,Europe & Central Asia,14.290000000000001
Poland,2001,38248076.0,4991.244358,Europe & Central Asia,15.42
Poland,2002,38230364.0,5207.171421,Europe & Central Asia,30.4
Poland,2003,38204570.0,5701.602212,Europe & Central Asia,15.87
Poland,2004,38182222.0,6681.386472,Europe & Central Asia,15.3
Poland,2005,38165445.0,8021.505743,Europe & Central Asia,14.690000000000001
Poland,2006,38141267.0,9035.410467,Europe & Central Asia,0.19
Poland,2007,38120560.0,11254.51739,Europe & Central Asia,0.18
Poland,2008,38125759.0,13996.02515,Europe & Central Asia,0.17
Poland,2009,38151603.0,11526.05589,Europe & Central Asia,0.17
Poland,2010,38042794.0,12613.011,Europe & Central Asia,6.18
Portugal,1993,9964675.0,9534.656364,Europe & Central Asia,1.5
Portugal,1994,9991525.0,9977.319909,Europe & Central Asia,3.14
Portugal,1995,10026176.0,11781.36185,Europe & Central Asia,2.76
Portugal,1996,10063945.0,12185.0914,Europe & Central Asia,1.85
Portugal,1997,10108977.0,11575.50711,Europe & Central Asia,2.46
Portugal,1998,10160196.0,12199.20639,Europe & Central Asia,3.08
Portugal,1999,10217828.0,12475.29177,Europe & Central Asia,1.8
Portugal,2000,10289898.0,11526.37207,Europe & Central Asia,2.15
Portugal,2001,10362722.0,11734.76497,Europe & Central Asia,4.13
Portugal,2002,10419631.0,12936.69282,Europe & Central Asia,2.92
Portugal,2003,10458821.0,15797.78213,Europe & Central Asia,3.71
Portugal,2004,10483861.0,18064.15809,Europe & Central Asia,3.67
Portugal,2005,10503330.0,18780.12751,Europe & Central Asia,5.13
Romania,1996,22619004.0,1633.010644,Europe & Central Asia,11.72
Romania,1997,22553978.0,1577.323357,Europe & Central Asia,10.87
Romania,2004,21451748.0,3494.944517,Europe & Central Asia,0.73
Romania,2005,21319685.0,4617.929016,Europe & Central Asia,0.78
Romania,2007,20882982.0,8360.166321,Europe & Central Asia,0.32
Russian Federation,1991,148394216.0,3490.452393,Europe & Central Asia,3.99
Russian Federation,1992,148538197.0,3098.802734,Europe & Central Asia,7.82
Russian Federation,1993,148458777.0,2930.670166,Europe & Central Asia,5.01
Russian Federation,1994,148407912.0,2662.104004,Europe & Central Asia,4.68
Russian Federation,1995,148375787.0,2665.779785,Europe & Central Asia,3.94
Russian Federation,1996,148160129.0,2643.929199,Europe & Central Asia,3.98
Russian Federation,1997,147915361.0,2737.572021,Europe & Central Asia,4.2
Russian Federation,1998,147670784.0,1834.861816,Europe & Central Asia,3.97
Russian Federation,1999,147214776.0,1330.757202,Europe & Central Asia,3.4699999999999998
Russian Federation,2000,146596869.0,1771.594116,Europe & Central Asia,3.33
Russian Federation,2001,145976482.0,2100.352539,Europe & Central Asia,3.51
Russian Federation,2002,145306497.0,2377.529541,Europe & Central Asia,3.75
Russian Federation,2003,144648618.0,2975.125244,Europe & Central Asia,3.61
Russian Federation,2004,144067316.0,4102.364746,Europe & Central Asia,4.04
Russian Federation,2005,143518814.0,5323.462891,Europe & Central Asia,4.05
Russian Federation,2006,143049637.0,6920.188965,Europe & Central Asia,4.53
Russian Federation,2007,142805114.0,9101.254883,Europe & Central Asia,5.23
Russian Federation,2008,142742366.0,11635.27246,Europe & Central Asia,5.09
Russian Federation,2009,142785349.0,8562.813477,Europe & Central Asia,5.04
Russian Federation,2010,142849468.0,10674.99609,Europe & Central Asia,6.4799999999999995
Rwanda,1982,5504847.0,255.6370123,Sub-Saharan Africa,24.0
Rwanda,1991,7083928.0,269.8504233,Sub-Saharan Africa,11.0
Rwanda,1992,6702239.0,302.7386376,Sub-Saharan Africa,30.0
Rwanda,2000,7933688.0,260.6076547,Sub-Saharan Africa,68.69
Rwanda,2001,8231150.0,238.788134,Sub-Saharan Africa,68.69
Rwanda,2002,8427061.0,233.1575044,Sub-Saharan Africa,68.69
Rwanda,2003,8557160.0,249.7507031,Sub-Saharan Africa,68.69
Rwanda,2004,8680516.0,273.6446627,Sub-Saharan Africa,68.69
Rwanda,2005,8840220.0,331.7045113,Sub-Saharan Africa,68.69
Rwanda,2006,9043342.0,366.9116293,Sub-Saharan Africa,68.69
Rwanda,2007,9273759.0,438.6813363,Sub-Saharan Africa,69.49
Rwanda,2008,9524532.0,543.5680119,Sub-Saharan Africa,68.66
Rwanda,2009,9782770.0,579.7532368,Sub-Saharan Africa,601.78
Rwanda,2010,10039338.0,609.7542974,Sub-Saharan Africa,161.43
Senegal,1986,6670665.0,808.3292307,Sub-Saharan Africa,438.0
Senegal,1987,6875746.0,943.5124978,Sub-Saharan Africa,12.0
Senegal,2000,9797731.0,613.7323845,Sub-Saharan Africa,80.12
Senegal,2001,10036102.0,648.4414733,Sub-Saharan Africa,80.12
Senegal,2002,10283694.0,681.3118508,Sub-Saharan Africa,80.12
Senegal,2003,10541470.0,831.8310403,Sub-Saharan Africa,80.12
Senegal,2004,10810086.0,932.1680954,Sub-Saharan Africa,80.12
Senegal,2005,11090123.0,992.6880581,Sub-Saharan Africa,79.97
Senegal,2006,11382272.0,1027.731441,Sub-Saharan Africa,80.03999999999999
Senegal,2007,11687078.0,1197.409561,Sub-Saharan Africa,79.77
Senegal,2008,12004700.0,1403.949385,Sub-Saharan Africa,93.55
Senegal,2009,12335092.0,1308.937808,Sub-Saharan Africa,80.13
Senegal,2010,12678143.0,1271.583281,Sub-Saharan Africa,80.19
Serbia,2008,7350222.0,7101.040141,Europe & Central Asia,5.0
Serbia,2009,7320807.0,6169.114195,Europe & Central Asia,5.0
Sierra Leone,1982,3540164.0,365.9044852,Sub-Saharan Africa,10.0
Sierra Leone,2000,4584570.0,138.6987225,Sub-Saharan Africa,36.01
Sierra Leone,2001,4754069.0,229.3756595,Sub-Saharan Africa,50.6
Sierra Leone,2002,4965770.0,252.396007,Sub-Saharan Africa,47.31
Sierra Leone,2003,5201074.0,266.4469054,Sub-Saharan Africa,36.2
Sierra Leone,2004,5433995.0,266.5693713,Sub-Saharan Africa,36.21
Sierra Leone,2005,5645629.0,292.3490663,Sub-Saharan Africa,36.21
Sierra Leone,2006,5829240.0,323.3890184,Sub-Saharan Africa,39.17
Sierra Leone,2007,5989641.0,360.3716605,Sub-Saharan Africa,41.1
Sierra Leone,2008,6133599.0,408.4810085,Sub-Saharan Africa,38.52
Sierra Leone,2009,6272735.0,391.200943,Sub-Saharan Africa,38.13
Sierra Leone,2010,6415636.0,401.8348761,Sub-Saharan Africa,107.11
South Africa,2000,44967713.0,3374.718423,Sub-Saharan Africa,40.42
South Africa,2001,45571272.0,2971.819769,Sub-Saharan Africa,40.53
South Africa,2002,46150913.0,2797.087291,Sub-Saharan Africa,40.24
South Africa,2003,46719203.0,4217.11478,Sub-Saharan Africa,40.160000000000004
South Africa,2004,47291610.0,5409.133489,Sub-Saharan Africa,40.17
South Africa,2005,47880595.0,6033.101491,Sub-Saharan Africa,40.12
South Africa,2006,48489464.0,6266.533987,Sub-Saharan Africa,40.27
South Africa,2007,49119766.0,6780.884555,Sub-Saharan Africa,51.86
South Africa,2008,49779472.0,6350.65271,Sub-Saharan Africa,56.68
South Africa,2009,50477013.0,6532.736968,Sub-Saharan Africa,64.9
South Africa,2010,51216967.0,8148.961202,Sub-Saharan Africa,48.190000000000005
South Sudan,2008,8736932.0,1669.493752,Sub-Saharan Africa,21.46
South Sudan,2009,9142258.0,1337.882231,Sub-Saharan Africa,21.46
South Sudan,2010,9508372.0,1535.706892,Sub-Saharan Africa,21.46
Spain,1991,38966376.0,14811.90282,Europe & Central Asia,15.89
Spain,1992,39157685.0,16112.18892,Europe & Central Asia,16.08
Spain,1993,39361262.0,13339.90856,Europe & Central Asia,12.15
Spain,1994,39549108.0,13415.287,Europe & Central Asia,12.34
Spain,1995,39724050.0,15471.96272,Europe & Central Asia,6.66
Spain,1996,39889852.0,16109.0844,Europe & Central Asia,6.48
Spain,1997,40057389.0,14730.79718,Europe & Central Asia,11.98
Spain,1998,40223509.0,15394.35146,Europe & Central Asia,7.42
Spain,1999,40386875.0,15720.6405,Europe & Central Asia,7.49
Spain,2000,40567864.0,14749.68742,Europe & Central Asia,0.83
Sri Lanka,1991,17535732.0,513.2584475,South Asia,13.98
Sri Lanka,1992,17736827.0,547.0545344,South Asia,21.25
Sri Lanka,1993,17924827.0,576.7798839,South Asia,23.78
Sri Lanka,1994,18094474.0,647.5791564,South Asia,25.68
Sri Lanka,1995,18242917.0,714.2332315,South Asia,20.53
Sri Lanka,1996,18367290.0,756.6569905,South Asia,23.669999999999998
Sri Lanka,1997,18470897.0,817.0644817,South Asia,23.439999999999998
Sri Lanka,1998,18564595.0,850.8116039,South Asia,21.35
Sri Lanka,1999,18663293.0,838.8834628,South Asia,22.57
Sri Lanka,2000,18777606.0,869.696285,South Asia,21.85
Sri Lanka,2001,18911727.0,832.8035723,South Asia,21.89
Sri Lanka,2002,19062476.0,867.4914868,South Asia,750.02
Sri Lanka,2003,19224036.0,982.195697,South Asia,21.61
Sri Lanka,2004,19387153.0,1065.784437,South Asia,22.28
Sri Lanka,2006,19695977.0,1435.816813,South Asia,17.77
Sri Lanka,2007,19842044.0,1630.388906,South Asia,17.39
Sri Lanka,2008,19983984.0,2037.322103,South Asia,24.73
Sri Lanka,2009,20123508.0,2090.401826,South Asia,18.42
Sri Lanka,2010,20261738.0,2799.648738,South Asia,17.560000000000002
Sudan,1982,15562129.0,408.4165649,Sub-Saharan Africa,84.0
Sudan,2000,27275019.0,366.1727295,Sub-Saharan Africa,35.45
Sudan,2001,27971077.0,456.6242371,Sub-Saharan Africa,35.45
Sudan,2002,28704786.0,512.4412842,Sub-Saharan Africa,35.45
Sudan,2003,29460517.0,586.7532349,Sub-Saharan Africa,35.449999999999996
Sudan,2004,30214189.0,711.9219971,Sub-Saharan Africa,35.45
Sudan,2005,30949514.0,914.1665039,Sub-Saharan Africa,35.45
Sudan,2006,31661824.0,1143.932251,Sub-Saharan Africa,35.45
Sudan,2007,32360619.0,1461.315918,Sub-Saharan Africa,35.45
Sudan,2008,33060844.0,1551.085815,Sub-Saharan Africa,35.45
Sudan,2009,33783779.0,1358.527222,Sub-Saharan Africa,35.45
Sudan,2010,34545014.0,1683.211914,Sub-Saharan Africa,35.45
Sweden,1991,8617375.0,31822.80385,Europe & Central Asia,27.98
Sweden,1992,8668067.0,32800.98269,Europe & Central Asia,10.690000000000001
Sweden,1995,8826939.0,30282.96392,Europe & Central Asia,29.22
Sweden,1996,8840998.0,32998.96816,Europe & Central Asia,31.79
Sweden,1997,8846062.0,30312.4876,Europe & Central Asia,29.759999999999998
Sweden,1998,8850974.0,30596.5272,Europe & Central Asia,28.94
Sweden,1999,8857874.0,30941.07936,Europe & Central Asia,18.16
Switzerland,1991,6799978.0,39577.74875,Europe & Central Asia,18.97
Switzerland,1992,6875364.0,40747.92546,Europe & Central Asia,23.18
Switzerland,1993,6938265.0,39270.11413,Europe & Central Asia,25.03
Switzerland,1994,6993795.0,43128.01411,Europe & Central Asia,24.83
Switzerland,1995,7040687.0,50155.97413,Europe & Central Asia,24.12
Switzerland,1996,7071850.0,48144.57913,Europe & Central Asia,14.2
Switzerland,1997,7088906.0,41631.43886,Europe & Central Asia,13.88
Switzerland,1998,7110001.0,42740.12818,Europe & Central Asia,10.15
Switzerland,1999,7143991.0,41786.23414,Europe & Central Asia,14.41
Switzerland,2000,7184250.0,38952.0342,Europe & Central Asia,10.629999999999999
Switzerland,2001,7229854.0,39727.84667,Europe & Central Asia,6.54
Switzerland,2002,7284753.0,42578.76314,Europe & Central Asia,5.82
Switzerland,2003,7339001.0,49470.39713,Europe & Central Asia,7.720000000000001
Switzerland,2004,7389625.0,54878.471,Europe & Central Asia,5.38
Switzerland,2005,7437115.0,56546.78566,Europe & Central Asia,6.43
Switzerland,2006,7483934.0,59300.61722,Europe & Central Asia,6.7
Switzerland,2007,7551117.0,65359.51922,Europe & Central Asia,5.25
Switzerland,2008,7647675.0,74572.23237,Europe & Central Asia,6.18
Switzerland,2009,7743831.0,72083.1677,Europe & Central Asia,6.8100000000000005
Switzerland,2010,7824909.0,77117.12601,Europe & Central Asia,7.1000000000000005
Syrian Arab Republic,1991,12815400.0,2165.851893,Middle East & North Africa,10.0
Syrian Arab Republic,1992,13187669.0,2510.477755,Middle East & North Africa,4.99
Syrian Arab Republic,1993,13565074.0,2717.282164,Middle East & North Africa,4.99
Thailand,1994,58875275.0,2491.427836,East Asia & Pacific,20.8
Thailand,1999,62298569.0,2033.258009,East Asia & Pacific,175.2
Thailand,2007,66182064.0,3973.017172,East Asia & Pacific,23.5
Togo,1982,2915618.0,281.8105522,Sub-Saharan Africa,7.5
Togo,1986,3363040.0,315.4621221,Sub-Saharan Africa,38.95
Togo,2000,4924406.0,302.958592,Sub-Saharan Africa,74.11
Togo,2001,5062571.0,292.8231035,Sub-Saharan Africa,74.11
Togo,2002,5197040.0,328.3981073,Sub-Saharan Africa,74.11
Togo,2003,5330629.0,396.9205798,Sub-Saharan Africa,74.11
Togo,2004,5467770.0,413.3298662,Sub-Saharan Africa,74.11
Togo,2005,5611643.0,406.562366,Sub-Saharan Africa,74.11
Togo,2006,5762881.0,408.0571173,Sub-Saharan Africa,74.11
Togo,2007,5920360.0,449.7382505,Sub-Saharan Africa,74.11
Togo,2008,6083417.0,546.3503702,Sub-Saharan Africa,122.56
Togo,2009,6250840.0,540.6087126,Sub-Saharan Africa,122.53
Togo,2010,6421674.0,534.0447826,Sub-Saharan Africa,122.46000000000001
Tunisia,1992,8613855.0,1799.111582,Middle East & North Africa,15.3
Tunisia,1993,8795934.0,1660.875002,Middle East & North Africa,9.0
Tunisia,1994,8967916.0,1743.154533,Middle East & North Africa,12.5
Tunisia,1999,9613587.0,2386.589492,Middle East & North Africa,56.8
Uganda,1982,13221991.0,164.6877539,Sub-Saharan Africa,35.25
Uganda,1992,18561668.0,153.9440238,Sub-Saharan Africa,7.6000000000000005
Uganda,1996,21032817.0,287.3882907,Sub-Saharan Africa,10.1
Uganda,2000,23650159.0,261.8691416,Sub-Saharan Africa,95.63
Uganda,2001,24388974.0,239.473127,Sub-Saharan Africa,95.63
Uganda,2002,25167261.0,245.5000403,Sub-Saharan Africa,95.63
Uganda,2003,25980547.0,254.3012043,Sub-Saharan Africa,95.63
Uganda,2004,26821300.0,296.0142675,Sub-Saharan Africa,95.35
Uganda,2005,27684590.0,333.7315763,Sub-Saharan Africa,95.35
Uganda,2006,28571475.0,349.2171001,Sub-Saharan Africa,95.36
Uganda,2007,29486335.0,403.6637446,Sub-Saharan Africa,95.36
Uganda,2008,30431734.0,474.5179496,Sub-Saharan Africa,116.53
Uganda,2009,31411096.0,799.9658963,Sub-Saharan Africa,144.06
Uganda,2010,32428164.0,822.5393725,Sub-Saharan Africa,107.66
Ukraine,1992,52150400.0,1417.935547,Europe & Central Asia,2.2
Ukraine,1993,52179200.0,1257.350098,Europe & Central Asia,7.11
Ukraine,1994,51921400.0,1011.97937,Europe & Central Asia,4.86
Ukraine,1995,51512800.0,935.9761353,Europe & Central Asia,7.279999999999999
Ukraine,1996,51057800.0,872.6987305,Europe & Central Asia,5.5
Ukraine,1997,50594600.0,991.2203979,Europe & Central Asia,4.72
Ukraine,1998,50144500.0,835.2509766,Europe & Central Asia,3.71
Ukraine,1999,49674000.0,635.7644043,Europe & Central Asia,1.95
Ukraine,2000,49176500.0,658.3486328,Europe & Central Asia,1.21
Ukraine,2001,48662400.0,807.8019409,Europe & Central Asia,1.31
Ukraine,2002,48202470.0,911.9111328,Europe & Central Asia,1.23
Ukraine,2003,47812949.0,1087.785645,Europe & Central Asia,1.29
Ukraine,2004,47451626.0,1416.60376,Europe & Central Asia,1.93
Ukraine,2005,47105171.0,1894.470825,Europe & Central Asia,5.739999999999999
Ukraine,2006,46787786.0,2391.323975,Europe & Central Asia,7.13
Ukraine,2007,46509355.0,3197.934326,Europe & Central Asia,6.82
Ukraine,2008,46258189.0,4066.547852,Europe & Central Asia,5.69
Ukraine,2009,46053331.0,2639.391602,Europe & Central Asia,6.32
Ukraine,2010,45870741.0,3078.429932,Europe & Central Asia,0.07
United Kingdom,1991,57424897.0,19900.72665,Europe & Central Asia,100.69
United Kingdom,1992,57580402.0,20487.17079,Europe & Central Asia,81.7
United Kingdom,1993,57718614.0,18389.01957,Europe & Central Asia,8.37
United Kingdom,1994,57865745.0,19709.2381,Europe & Central Asia,4.13
United Kingdom,1995,58019030.0,23206.56856,Europe & Central Asia,2.6
United Kingdom,1996,58166950.0,24438.53117,Europe & Central Asia,2.43
United Kingdom,1997,58316954.0,26742.98485,Europe & Central Asia,2.46
United Kingdom,1998,58487141.0,28269.32251,Europe & Central Asia,2.19
United Kingdom,1999,58682466.0,28726.85721,Europe & Central Asia,2.24
United Kingdom,2000,58892514.0,28223.06757,Europe & Central Asia,2.01
United Kingdom,2001,59119673.0,27806.44882,Europe & Central Asia,2.09
United Kingdom,2002,59370479.0,30049.89632,Europe & Central Asia,2.05
United Kingdom,2003,59647577.0,34487.46757,Europe & Central Asia,2.05
United Kingdom,2004,59987905.0,40371.71083,Europe & Central Asia,2.08
United Kingdom,2005,60401206.0,42132.09072,Europe & Central Asia,2.18
United Kingdom,2006,60846820.0,44654.09692,Europe & Central Asia,3.15
United Kingdom,2007,61322463.0,50653.25691,Europe & Central Asia,2.92
United Kingdom,2008,61806995.0,47549.34863,Europe & Central Asia,1.21
United Kingdom,2009,62276270.0,38952.21103,Europe & Central Asia,1.34
United Kingdom,2010,62766365.0,39688.61497,Europe & Central Asia,1.16
United States,1980,227225000.0,12574.79151,North America,455.9209
United States,1981,229466000.0,13976.10539,North America,455.8909
United States,1982,231664000.0,14433.78773,North America,464.8609
United States,1983,233792000.0,15543.89372,North America,511.3007
United States,1984,235825000.0,17121.22548,North America,514.1945
United States,1985,237924000.0,18236.82773,North America,520.0985000000001
United States,1986,240133000.0,19071.22719,North America,519.0903
United States,1987,242289000.0,20038.9411,North America,574.6665
United States,1988,244499000.0,21417.01193,North America,571.3785
United States,1989,246819000.0,22857.15443,North America,578.1757
United States,1990,249623000.0,23888.60001,North America,535.651
United States,1991,252981000.0,24342.2589,North America,617.9198
United States,1992,256514000.0,25418.99078,North America,608.1271
United States,1993,259919000.0,26387.29373,North America,601.4118
United States,1994,263126000.0,27694.85342,North America,605.9636
United States,1995,266278000.0,28690.8757,North America,732.2782
United States,1996,269394000.0,29967.71272,North America,606.7203
United States,1997,272657000.0,31459.13898,North America,653.3495
United States,1998,275854000.0,32853.67695,North America,651.4753000000001
United States,1999,279040000.0,34515.39023,North America,650.7882
United States,2000,282162411.0,36329.95607,North America,646.3163
United States,2001,284968955.0,37133.62311,North America,645.7179
United States,2002,287625193.0,37997.75966,North America,639.003
United States,2003,290107933.0,39490.27496,North America,642.0031
United States,2004,292805298.0,41724.63163,North America,648.4844
United States,2005,295516599.0,44123.40707,North America,1383.602
United States,2006,298379912.0,46302.00088,North America,1352.616315218
United States,2007,301231207.0,48050.22378,North America,639.1131
United States,2008,304093966.0,48570.04598,North America,3230.8708
United States,2009,306771529.0,47194.94335,North America,622.9753
United States,2010,309327143.0,48650.64313,North America,636.08659102
Uruguay,1995,3224275.0,5985.116994,Latin America & Caribbean,21.7
Zambia,1982,6265869.0,637.5456904,Sub-Saharan Africa,75.0
Zambia,2000,10415942.0,345.6896207,Sub-Saharan Africa,84.49
Zambia,2001,10692197.0,382.9410352,Sub-Saharan Africa,84.24
Zambia,2002,10971704.0,382.2419633,Sub-Saharan Africa,88.03
Zambia,2003,11256740.0,435.4581994,Sub-Saharan Africa,83.69
Zambia,2004,11550641.0,538.591553,Sub-Saharan Africa,83.84
Zambia,2005,11856244.0,702.7411184,Sub-Saharan Africa,83.96
Zambia,2006,12173518.0,1047.918843,Sub-Saharan Africa,82.8
Zambia,2007,12502958.0,1124.290586,Sub-Saharan Africa,84.02
Zambia,2008,12848531.0,1394.0005,Sub-Saharan Africa,84.65
Zambia,2009,13215142.0,1159.907499,Sub-Saharan Africa,85.38
Zambia,2010,13605986.0,1489.459087,Sub-Saharan Africa,85.02
Zimbabwe,1982,7958239.0,1073.064116,Sub-Saharan Africa,47.5
Zimbabwe,2000,11881482.0,563.0575041,Sub-Saharan Africa,47.95
Zimbabwe,2001,11923906.0,568.3862905,Sub-Saharan Africa,47.95
Zimbabwe,2002,11954293.0,530.5304463,Sub-Saharan Africa,47.95
Zimbabwe,2003,11982219.0,478.0076044,Sub-Saharan Africa,47.95
Zimbabwe,2004,12019911.0,482.9984515,Sub-Saharan Africa,48.93
Zimbabwe,2005,12076697.0,476.5554025,Sub-Saharan Africa,48.93
Zimbabwe,2006,12155496.0,447.8547399,Sub-Saharan Africa,45.92
Zimbabwe,2007,12255920.0,431.7872587,Sub-Saharan Africa,50.28
Zimbabwe,2008,12379553.0,356.6932344,Sub-Saharan Africa,49.17
Zimbabwe,2009,12526964.0,771.5990323,Sub-Saharan Africa,53.33
Zimbabwe,2010,12697728.0,948.331481,Sub-Saharan Africa,53.73
