"m49_code","country","region","cpc_code","commodity","year","loss_percentage","loss_percentage_original","loss_quantity","activity","food_supply_stage","treatment","cause_of_loss","sample_size","method_data_collection","reference","url","notes"
"204","Benin",,"01234","Tomatoes",2010,27.2,"26.4-28",,,"Retail",,,,"Case Study","Kitinoja","http://ucanr.edu/datastoreFiles/234-1847.pdf",
"204","Benin",,"01234","Tomatoes",2010,26,"23-29",,,"Farm",,,,"Case Study","Kitinoja","http://ucanr.edu/datastoreFiles/234-1847.pdf",
"204","Benin",,"01253.01","Onions and shallots, green",2010,43.75,"15-72.5",,,"Wholesale",,,,"Case Study","Kitinoja","http://ucanr.edu/datastoreFiles/234-1847.pdf",
"204","Benin",,"01253.01","Onions and shallots, green",2010,28,"6.0-50",,,"Retail",,,,"Case Study","Kitinoja","http://ucanr.edu/datastoreFiles/234-1847.pdf",
"204","Benin",,"01316","Mangoes, guavas and mangosteens",2010,45.4,"20.8-70",,,"Wholesale",,,,"Case Study","Kitinoja","http://ucanr.edu/datastoreFiles/234-1847.pdf",
"204","Benin",,"01316","Mangoes, guavas and mangosteens",2010,49.5,"22.5-76.5",,,"Retail",,,,"Case Study","Kitinoja","http://ucanr.edu/datastoreFiles/234-1847.pdf",
"204","Benin",,"01318","Pineapples",2010,13.9,"5-22.8",,,"Wholesale",,,,"Case Study","Kitinoja","http://ucanr.edu/datastoreFiles/234-1847.pdf",
"204","Benin",,"01318","Pineapples",2010,22,"22",,,"Retail",,,,"Case Study","Kitinoja","http://ucanr.edu/datastoreFiles/234-1847.pdf",
"204","Benin",,"01323","Oranges",2010,30.95,"10.9-51",,,"Retail",,,,"Case Study","Kitinoja","http://ucanr.edu/datastoreFiles/234-1847.pdf",
"204","Benin",,"01234","Tomatoes",2010,53,"53",,,"Farm",,,,,"Kitinoja","http://www.sciencedirect.com/science/article/pii/S0305750X14002307",
"204","Benin",,"01234","Tomatoes",2010,26.2,"21.2-31.2",,,"Wholesale",,,,,"Kitinoja","http://www.sciencedirect.com/science/article/pii/S0305750X14002307",
"204","Benin",,"01323","Oranges",2010,26.3,"11.6-41",,,"Wholesale",,,,"No Data Collection Specified","Kitinoja","http://www.sciencedirect.com/science/article/pii/S0305750X14002307",
"204","Benin",,"01323","Oranges",2010,10,"5.0-15",,,"Farm",,,,"Case Study","Kitinoja","http://www.sciencedirect.com/science/article/pii/S0305750X14002307",
"246","Finland",,"01359.90","Other fruits, n.e.c.",2010,13,"13%",,"Consumption","Households",,,,"Survey","Venice 2012, Fourth International Symposium on Energy from Biomass and Waste",,
"288","Ghana",,"01316","Mangoes, guavas and mangosteens",2010,5.4,"5.4",,,"Wholesale",,"Quality losses due damage and decay",,"No Data Collection Specified","Kitinoja","http://ucce.ucdavis.edu/files/datastore/234-2429.pdf",
"288","Ghana",,"01316","Mangoes, guavas and mangosteens",2010,9,"9",,,"Retail",,"Quality losses due damage and decay",,"No Data Collection Specified","Kitinoja","http://ucce.ucdavis.edu/files/datastore/234-2429.pdf",
"288","Ghana",,"01316","Mangoes, guavas and mangosteens",2010,4.8,"4.8",,,"Farm",,"Quality losses due damage and decay",,"No Data Collection Specified","Kitinoja","http://ucce.ucdavis.edu/files/datastore/234-2429.pdf",
"288","Ghana",,"01212","Cabbages",2010,19.25,"6.5-32",,,"Wholesale",,,,"Case Study","Kitinoja","http://ucanr.edu/datastoreFiles/234-1847.pdf",
"288","Ghana",,"01212","Cabbages",2010,25,"5.0-45",,,"Retail",,,,"Case Study","Kitinoja","http://ucanr.edu/datastoreFiles/234-1847.pdf",
"288","Ghana",,"01212","Cabbages",2010,38,"23-53",,,"Farm",,"large sacks",,"Case Study","Kitinoja","http://ucanr.edu/datastoreFiles/234-1847.pdf",
"288","Ghana",,"01233","Eggplants (aubergines)",2010,12.4,"2.8-22",,,"Farm",,,,"Case Study","Kitinoja","http://ucanr.edu/datastoreFiles/234-1847.pdf",
"288","Ghana",,"01233","Eggplants (aubergines)",2010,10.5,"2.0-19",,,"Wholesale",,,,"Case Study","Kitinoja","http://ucanr.edu/datastoreFiles/234-1847.pdf",
"288","Ghana",,"01233","Eggplants (aubergines)",2010,8.1,"0-16.2",,,"Retail",,,,"Case Study","Kitinoja","http://ucanr.edu/datastoreFiles/234-1847.pdf",
"288","Ghana",,"01234","Tomatoes",2010,16.75,"10.5-23",,,"Retail",,,,"Case Study","Kitinoja","http://ucanr.edu/datastoreFiles/234-1847.pdf",
"288","Ghana",,"01234","Tomatoes",2010,17.75,"14-21.5",,,"Wholesale",,,,"Case Study","Kitinoja","http://ucanr.edu/datastoreFiles/234-1847.pdf",
"288","Ghana",,"01239.01","Okra",2010,2.25,"0-4.5",,,"Wholesale",,,,"Case Study","Kitinoja","http://ucanr.edu/datastoreFiles/234-1847.pdf",
"288","Ghana",,"01239.01","Okra",2010,10.65,"6.3-15",,,"Retail",,,,"Case Study","Kitinoja","http://ucanr.edu/datastoreFiles/234-1847.pdf",
"288","Ghana",,"01253.01","Onions and shallots, green",2010,11.75,"5.5-18",,,"Retail",,,,"Case Study","Kitinoja","http://ucanr.edu/datastoreFiles/234-1847.pdf",
"288","Ghana",,"01253.01","Onions and shallots, green",2010,3.25,"0-6.5",,,"Wholesale",,,,"Case Study","Kitinoja","http://ucanr.edu/datastoreFiles/234-1847.pdf",
"288","Ghana",,"01313","Plantains and cooking bananas",2010,26,"26",,,"Wholesale",,,,"Case Study","Kitinoja","http://ucanr.edu/datastoreFiles/234-1847.pdf",
"288","Ghana",,"01313","Plantains and cooking bananas",2010,21,"21",,,"Retail",,,,"Case Study","Kitinoja","http://ucanr.edu/datastoreFiles/234-1847.pdf",
"288","Ghana",,"01316","Mangoes, guavas and mangosteens",2010,4.15,"2.3-6",,,"Farm",,,,"Case Study","Kitinoja","http://ucanr.edu/datastoreFiles/234-1847.pdf",
"288","Ghana",,"01316","Mangoes, guavas and mangosteens",2010,5.4,".4-10.4",,"Grading, Sorting","Wholesale",,"","","Case Study","Kitinoja","http://ucanr.edu/datastoreFiles/234-1847.pdf",""
"288","Ghana",,"01316","Mangoes, guavas and mangosteens",2010,4.5,"1.0-8",,,"Retail",,,,"Case Study","Kitinoja","http://ucanr.edu/datastoreFiles/234-1847.pdf",
"288","Ghana",,"01318","Pineapples",2010,20,"20",,,"Farm",,"General poor handling Lack of training Only large growers have access to export markets","Training of trainers (60 extension agents)","Case Study",,"http://ucanr.edu/datastoreFiles/234-1847.pdf",""
"288","Ghana",,"01318","Pineapples",2010,20.65,"20-21.3",,,"Retail",,,,"Case Study","Kitinoja","http://ucanr.edu/datastoreFiles/234-1847.pdf",
"288","Ghana",,"01318","Pineapples",2010,9.6,"6.7-12.5",,,"Farm",,,,"Case Study","Kitinoja","http://ucanr.edu/datastoreFiles/234-1847.pdf",
"288","Ghana",,"01318","Pineapples",2010,27.15,"26.3-28",,,"Wholesale",,,,"Case Study","Kitinoja","http://ucanr.edu/datastoreFiles/234-1847.pdf",
"288","Ghana","Kumasi and its environments (including Ejura) and Tamale","01234","Tomatoes",2010,25,"25",,"Farm","Farm",,"The physical loss was measured by percentage of product sorted and not sold. Economic losses due to poor quality (a function of the % cumulative rate of defects, decay and damage that occurred during handling) could not be determined because price data reported for crops in Ghana were unreliable; The air temperatures during the handling at the farm, wholesale and retail markets were 29-31C, and 76 % RH at the farm and wholesale markets, and 72% RH at the retail market.","","Case Study","Kitinoja and Cantwell (2010)","https://www.researchgate.net/publication/285594317_Postharvest_losses_in_Africa_-_Analytical_review_and_synthesis_the_case_of_Ghana",""
"288","Ghana","Kumasi and its environments (including Ejura) and Tamale","01234","Tomatoes",2010,21.5,"21.5",,"Wholesale","Wholesale",,"The physical loss was measured by percentage of product sorted and not sold. Economic losses due to poor quality (a function of the % cumulative rate of defects, decay and damage that occurred during handling) could not be determined because price data reported for crops in Ghana were unreliable; The air temperatures during the handling at the farm, wholesale and retail markets were 29-31C, and 76 % RH at the farm and wholesale markets, and 72% RH at the retail market.","","Case Study","Kitinoja and Cantwell (2010)","https://www.researchgate.net/publication/285594317_Postharvest_losses_in_Africa_-_Analytical_review_and_synthesis_the_case_of_Ghana","Adopted from Kitinoja and Cantwell (2010)"
"288","Ghana","Kumasi and its environments (including Ejura) and Tamale","01234","Tomatoes",2010,23,"23",,"Retailing","Retail",,"The physical loss was measured by percentage of product sorted and not sold. Economic losses due to poor quality (a function of the % cumulative rate of defects, decay and damage that occurred during handling) could not be determined because price data reported for crops in Ghana were unreliable; The air temperatures during the handling at the farm, wholesale and retail markets were 29-31C, and 76 % RH at the farm and wholesale markets, and 72% RH at the retail market.","","Case Study","Kitinoja and Cantwell (2010)","https://www.researchgate.net/publication/285594317_Postharvest_losses_in_Africa_-_Analytical_review_and_synthesis_the_case_of_Ghana",""
"288","Ghana","Kumasi and its environments (including Ejura) and Tamale","01239.01","Okra",2010,6.3,"6.3",,"Retailing","Retail",,"The physical loss was measured by percentage of product sorted and not sold. Economic losses due to poor quality (a function of the % cumulative rate of defects, decay and damage that occurred during handling) could not be determined because price data reported for crops in Ghana were unreliable; The air temperatures during the handling at the farm, wholesale and retail markets were 29-31C, and 76 % RH at the farm and wholesale markets, and 72% RH at the retail market.","","Literature Review","Kitinoja and Cantwell (2010)","https://www.researchgate.net/publication/285594317_Postharvest_losses_in_Africa_-_Analytical_review_and_synthesis_the_case_of_Ghana","Adopted from Kitinoja and Cantwell (2010)"
"288","Ghana","Kumasi and its environments (including Ejura) and Tamale","01239.01","Okra",2010,16.6,"16.6",,"Farm","Farm",,"The physical loss was measured by percentage of product sorted and not sold. Economic losses due to poor quality (a function of the % cumulative rate of defects, decay and damage that occurred during handling) could not be determined because price data reported for crops in Ghana were unreliable; The air temperatures during the handling at the farm, wholesale and retail markets were 29-31C, and 76 % RH at the farm and wholesale markets, and 72% RH at the retail market.","","Case Study","Kitinoja and Cantwell (2010)","https://www.researchgate.net/publication/285594317_Postharvest_losses_in_Africa_-_Analytical_review_and_synthesis_the_case_of_Ghana",""
"288","Ghana","Kumasi and its environments (including Ejura) and Tamale","01239.01","Okra",2010,2.3,"2.3",,"Wholesale","Wholesale",,"The physical loss was measured by percentage of product sorted and not sold. Economic losses due to poor quality (a function of the % cumulative rate of defects, decay and damage that occurred during handling) could not be determined because price data reported for crops in Ghana were unreliable; The air temperatures during the handling at the farm, wholesale and retail markets were 29-31C, and 76 % RH at the farm and wholesale markets, and 72% RH at the retail market.","","Case Study","Kitinoja and Cantwell (2010)","https://www.researchgate.net/publication/285594317_Postharvest_losses_in_Africa_-_Analytical_review_and_synthesis_the_case_of_Ghana",""
"288","Ghana",,"01234","Tomatoes",2010,22.5,"22.5",,,"Retail",,"At Retail Sold At Discounted Price",,"Case Study","Kitinoja","http://www.sciencedirect.com/science/article/pii/S0305750X14002307",
"288","Ghana",,"01234","Tomatoes",2010,50.5,"50.5",,,"Farm",,,,"Case Study","Kitinoja","http://www.sciencedirect.com/science/article/pii/S0305750X14002307",
"288","Ghana",,"01234","Tomatoes",2010,35.5,"35.5",,,"Wholesale",,"At Wholesale",,"Case Study","Kitinoja","http://www.sciencedirect.com/science/article/pii/S0305750X14002307",
"288","Ghana","Site: Kumasi & Tamale.","01239.01","Okra",2010,6.3,"6.3",,,"Retail",,"At Retail Sold At Discounted Price","","Literature Review","Kitinoja","http://www.sciencedirect.com/science/article/pii/S0305750X14002307","Adopted from Kitinoja (2010)"
"288","Ghana","Site: Kumasi & Tamale.","01239.01","Okra",2010,4.5,"4.5",,"Wholesale","Wholesale",,"At Wholesale","","Literature Review","Kitinoja","http://www.sciencedirect.com/science/article/pii/S0305750X14002307",""
"288","Ghana","Site: Kumasi & Tamale.","01239.01","Okra",2010,17,"6.0-28",,,"Farm",,,,"Case Study","Kitinoja","http://www.sciencedirect.com/science/article/pii/S0305750X14002307",
"288","Ghana","Site: Kumasi & Tamale.","01239.01","Okra",2010,0.34,"0.34",,,"Farm",,,,"Case Study","Kitinoja","http://www.sciencedirect.com/science/article/pii/S0305750X14002307",
"288","Ghana",,"01316","Mangoes, guavas and mangosteens",2010,1.5,"0 -  3",,"Assembling, Farm","Farm",,,,,"Egyir et al. (2008)","http://www.sciencedirect.com/science/article/pii/S0305750X14002307","Not found"
"288","Ghana","? Sites: coastal and transition ecological zones of Ghana","01316","Mangoes, guavas and mangosteens",2010,3,"0 - 6",,"Harvesting","Harvest",,,,,"Egyir et al. (2008)","http://www.sciencedirect.com/science/article/pii/S0305750X14002307","Not found"
"288","Ghana","Kumasi & tamale.","01316","Mangoes, guavas and mangosteens",2010,10,"10",,,"Wholesale",,"At Wholesale","10","Case Study","Kitinoja","http://www.sciencedirect.com/science/article/pii/S0305750X14002307",
"288","Ghana",,"01316","Mangoes, guavas and mangosteens",2010,2.5,"0 -  5",,"Storage","Storage",,,,,"Egyir et al. (2008)","http://www.sciencedirect.com/science/article/pii/S0305750X14002307","Not found"
"288","Ghana",,"01316","Mangoes, guavas and mangosteens",2010,3.5,"0 -  7",,"Packaging","Processing",,,,,"Egyir et al. (2008)","http://www.sciencedirect.com/science/article/pii/S0305750X14002307","Not found"
"288","Ghana",,"01316","Mangoes, guavas and mangosteens",2010,5,"5",,"Grading, Sorting","Processing",,,,,"Egyir et al. (2008)","http://www.sciencedirect.com/science/article/pii/S0305750X14002307","Not found"
"288","Ghana","Kumasi & tamale.","01316","Mangoes, guavas and mangosteens",2010,6,"6",,"Farm","Farm",,"","10","Literature Review","Kitinoja","http://www.sciencedirect.com/science/article/pii/S0305750X14002307",""
"332","Haiti",,"01316","Mangoes, guavas and mangosteens",2010,50,"50",,"Grading, Sorting","Farm",,"Rejected Fruits Could Be Immature, Over Ripe, Bruised Or Fly Infested, With A Low Chance Of Commercializationthey'Re Also Picked And Then Sorted For Marketability, An Un Measured Percent Also Stays In The Fsc As Animal Feed",,,"CRS/ CIAT","https://www.crs.org/sites/default/files/tools-research/assessment-of-haitian-mango-value-chain.pdf",
"332","Haiti",,"01316","Mangoes, guavas and mangosteens",2010,50,"50",,"Grading, Sorting","Farm",,"Rejected Fruits Could Be Immature, Over Ripe, Bruised Or Fly Infested, With A Low Chance Of Commercializationthey'Re Also Picked And Then Sorted For Marketability, An Un Measured Percent Also Stays In The Fsc As Animal Feed",,"Survey","CRS/ CIAT","https://www.crs.org/sites/default/files/tools-research/assessment-of-haitian-mango-value-chain.pdf",
"356","India",,"01213","Cauliflowers and broccoli",2010,35.5,"31-40",,,"Harvest",,,,"Case Study","Kitinoja","http://ucanr.edu/datastoreFiles/234-1847.pdf",
"356","India",,"01232","Cucumbers and gherkins",2010,15,"10.0-20",,,"Harvest",,,,"Case Study","Kitinoja","http://ucanr.edu/datastoreFiles/234-1847.pdf",
"356","India",,"01232","Cucumbers and gherkins",2010,5.4,"3.8-7",,,"Wholesale",,"Decay, Mechanic Damage, Sorting","10","Case Study","Kitinoja","http://ucanr.edu/datastoreFiles/234-1847.pdf",
"356","India",,"01232","Cucumbers and gherkins",2010,8.6,"4.5-12.7",,,"Farm",,"Decay, Mechanic Damage, Sorting","10","Case Study","Kitinoja","http://ucanr.edu/datastoreFiles/234-1847.pdf",
"356","India",,"01232","Cucumbers and gherkins",2010,7.1,"5-9.2",,,"Retail",,"Decay, Mechanic Damage, Sorting","10","Case Study","Kitinoja","http://ucanr.edu/datastoreFiles/234-1847.pdf",
"356","India",,"01233","Eggplants (aubergines)",2010,10.75,"7.5-14",,,"Farm",,"Decay, Mechanic Damage, Sorting","10","Case Study",,"http://ucanr.edu/datastoreFiles/234-1847.pdf",
"356","India",,"01233","Eggplants (aubergines)",2010,62.5,"45-80",,,"Harvest",,,,"Case Study","Kitinoja","http://ucanr.edu/datastoreFiles/234-1847.pdf",
"356","India",,"01233","Eggplants (aubergines)",2010,12.8,"6-19.6",,,"Wholesale",,"Decay, Mechanic Damage, Sorting","10","Case Study",,"http://ucanr.edu/datastoreFiles/234-1847.pdf",
"356","India",,"01233","Eggplants (aubergines)",2010,7.1,"4.2-10",,,"Retail",,"Decay, Mechanic Damage, Sorting","10","Case Study",,"http://ucanr.edu/datastoreFiles/234-1847.pdf",
"356","India",,"01234","Tomatoes",2010,12.45,"8.5-16.4",,,"Retail",,"Decay, Mechanic Damage, Sorting","10","Case Study",,"http://ucanr.edu/datastoreFiles/234-1847.pdf",
"356","India",,"01234","Tomatoes",2010,11.88,"10.3-13.46",,,"Transport",,,,"Case Study",,"http://ucanr.edu/datastoreFiles/234-1847.pdf",
"356","India",,"01234","Tomatoes",2010,9.435,"8.18-10.69",,,"Storage",,,,"Case Study",,"http://ucanr.edu/datastoreFiles/234-1847.pdf",
"356","India",,"01234","Tomatoes",2010,17.5,"15-20",,,"Farm",,"rough handling, the effects of high ambient temperatures and poor quality  package","","Case Study","Kitinoja","http://ucanr.edu/datastoreFiles/234-1847.pdf",""
"356","India",,"01234","Tomatoes",2010,7.5,"5.0-10",,,"Farm",,"Decay, Mechanic Damage, Sorting","10","Case Study",,"http://ucanr.edu/datastoreFiles/234-1847.pdf",
"356","India",,"01234","Tomatoes",2010,4.195,"3.64-4.75",,,"Harvest",,,,"Case Study",,"http://ucanr.edu/datastoreFiles/234-1847.pdf",
"356","India",,"01234","Tomatoes",2010,11.05,"7-15.1",,,"Wholesale",,"Decay, Mechanic Damage, Sorting","10","Case Study",,"http://ucanr.edu/datastoreFiles/234-1847.pdf",
"356","India",,"01234","Tomatoes",2010,4.74,"3.94-5.54",,,"Farm",,,,"Case Study",,"http://ucanr.edu/datastoreFiles/234-1847.pdf",
"356","India",,"01239.01","Okra",2010,10.55,"2.6-18.5",,,"Farm",,"Decay, Mechanic Damage, Sorting","10","Case Study",,"http://ucanr.edu/datastoreFiles/234-1847.pdf",
"356","India",,"01239.01","Okra",2010,4.5,"2.0-7",,"Handling","Farm",,,,"Case Study",,"http://ucanr.edu/datastoreFiles/234-1847.pdf",
"356","India",,"01239.01","Okra",2010,3.5,"2.0-5",,,"Retail",,,,"Case Study",,"http://ucanr.edu/datastoreFiles/234-1847.pdf",
"356","India",,"01239.01","Okra",2010,19.75,"10.5-29",,,"Harvest",,,,"Case Study","Kitinoja","http://ucanr.edu/datastoreFiles/234-1847.pdf",
"356","India",,"01239.01","Okra",2010,4,"3.0-5",,,"Storage",,,,"Case Study",,"http://ucanr.edu/datastoreFiles/234-1847.pdf",
"356","India",,"01239.01","Okra",2010,8.3,"6.6-10",,,"Retail",,"Decay, Mechanic Damage, Sorting","10","Case Study",,"http://ucanr.edu/datastoreFiles/234-1847.pdf",
"356","India",,"01239.01","Okra",2010,4.25,"1.5-7",,,"Transport",,,,"Case Study",,"http://ucanr.edu/datastoreFiles/234-1847.pdf",
"356","India",,"01239.01","Okra",2010,4.95,"2-7.9",,,"Wholesale",,"Decay, Mechanic Damage, Sorting","10","Case Study",,"http://ucanr.edu/datastoreFiles/234-1847.pdf",
"356","India",,"01239.01","Okra",2010,3.5,"2.0-5",,,"Harvest",,,,"Case Study",,"http://ucanr.edu/datastoreFiles/234-1847.pdf",
"356","India",,"01253.01","Onions and shallots, green",2010,27.5,"23-32",,,"Harvest",,,,"Case Study","Kitinoja","http://ucanr.edu/datastoreFiles/234-1847.pdf",
"356","India",,"01312","Bananas",2010,28.5,"26-31",,,"Harvest",,,,"Case Study","Kitinoja","http://ucanr.edu/datastoreFiles/234-1847.pdf",
"356","India",,"01316","Mangoes, guavas and mangosteens",2010,24.75,"18.5-31",,,"Harvest",,,,"Case Study","Kitinoja","http://ucanr.edu/datastoreFiles/234-1847.pdf",
"356","India",,"01316","Mangoes, guavas and mangosteens",2010,27.5,"25-30",,,"Harvest",,,,"Case Study","Kitinoja","http://ucanr.edu/datastoreFiles/234-1847.pdf",
"356","India",,"01316","Mangoes, guavas and mangosteens",2010,5.75,"5-6.5",,,"Farm",,"Decay, Mechanic Damage, Sorting","10","Case Study",,"http://ucanr.edu/datastoreFiles/234-1847.pdf",
"356","India",,"01316","Mangoes, guavas and mangosteens",2010,8.3,"7.1-9.5",,,"Retail",,"Decay, Mechanic Damage, Sorting","10","Case Study",,"http://ucanr.edu/datastoreFiles/234-1847.pdf",
"356","India",,"01316","Mangoes, guavas and mangosteens",2010,6.95,"6-7.9",,,"Wholesale",,"Decay, Mechanic Damage, Sorting","10","Case Study",,"http://ucanr.edu/datastoreFiles/234-1847.pdf",
"356","India",,"01316","Mangoes, guavas and mangosteens",2010,7.5,"5.0-10",,,"Transport",,,,"Case Study",,"http://ucanr.edu/datastoreFiles/234-1847.pdf",
"356","India",,"01319","Other tropical and subtropical fruits, n.e.c.",2010,9.4,"8.7-10.1",,,"Retail",,"Decay, Mechanic Damage, Sorting","10","Case Study",,"http://ucanr.edu/datastoreFiles/234-1847.pdf",
"356","India",,"01319","Other tropical and subtropical fruits, n.e.c.",2010,11.25,"8.5-14",,,"Farm",,"Decay, Mechanic Damage, Sorting","10","Case Study",,"http://ucanr.edu/datastoreFiles/234-1847.pdf",
"356","India",,"01319","Other tropical and subtropical fruits, n.e.c.",2010,8.2,"5-11.4",,,"Wholesale",,"Decay, Mechanic Damage, Sorting","10","Case Study",,"http://ucanr.edu/datastoreFiles/234-1847.pdf",
"356","India",,"01319","Other tropical and subtropical fruits, n.e.c.",2010,40,"32-48",,,"Harvest",,,,"Case Study","Kitinoja","http://ucanr.edu/datastoreFiles/234-1847.pdf",
"360","Indonesia",,"01354","Strawberries",2010,30,"30%",,,"Post-harvest",,"due to poor quality No use of maturity indices Lack of knowledge Issues with access to credit","50 faculty/extension agents 11,000 farmers","Case Study",,"http://ucanr.edu/datastoreFiles/234-1847.pdf",""
"404","Kenya","Upper Athi River Region; Kilala, Ikanganya,  Kikumbulyu, Kikoko, Nguumo, Kiou, Wote, Kee, Mbiuni, Mwala and Mwani.","01316","Mangoes, guavas and mangosteens",2010,35,"30-40",,,"Farm",,"Poor Harvesting Methods, Lack Of Training, Poor Packaging, Lack Of Proper Storage Facilities And Marketing",,"No Data Collection Specified","MSABENI et al","http://www.icra-edu.org/file.php/263/wd136.pdf",
"404","Kenya",,"01312","Bananas",2010,40,"40",,,"Post-harvest",,"Poor handling, very bad roads Lack of training Only large growers had access to markets","12,000 farmers to date","Case Study",,"http://ucanr.edu/datastoreFiles/234-1847.pdf",""
"404","Kenya",,"01316","Mangoes, guavas and mangosteens",2010,25,"25","188676 tonnes",,"Whole supply chain",,,,"Census","ABD","http://fsdkenya.org/publication/opportunities-for-financing-the-mango-value-chain-a-case-study-of-lower-eastern-kenya/",
"50","Bangladesh",,"01234","Tomatoes",2010,13,"13",,"Grading, Transportation","Wholesale",,,,,"BAU MSc thesis; Uddin, M. J.","http://www.mod.gov.tr/Lists/RecentPublications/Attachments/120/Reducing%20Postharvest%20Losses%20in%20the%20OIC%20Member%20Countries.pdf",
"50","Bangladesh",,"01234","Tomatoes",2010,10.8,"10.8",,,"Wholesale",,"long transport, packaging, handling and storage at wholesaler",,,"BAU MSc thesis; Uddin, M. J.","http://www.mod.gov.tr/Lists/RecentPublications/Attachments/120/Reducing%20Postharvest%20Losses%20in%20the%20OIC%20Member%20Countries.pdf",
"50","Bangladesh",,"01234","Tomatoes",2010,8.1,"8.1",,,"Retail",,,,,"BAU MSc thesis; Uddin, M. J.","http://www.mod.gov.tr/Lists/RecentPublications/Attachments/120/Reducing%20Postharvest%20Losses%20in%20the%20OIC%20Member%20Countries.pdf",
"50","Bangladesh",,"01234","Tomatoes",2010,4.5,"4.5",,,"Trader",,,,,"BAU MSc thesis; Uddin, M. J.","http://www.mod.gov.tr/Lists/RecentPublications/Attachments/120/Reducing%20Postharvest%20Losses%20in%20the%20OIC%20Member%20Countries.pdf",
"50","Bangladesh",,"01234","Tomatoes",2010,1.35,"1.35",,,"Processing",,"Ketchup production",,,"BAU MSc thesis; Uddin, M. J.","http://www.mod.gov.tr/Lists/RecentPublications/Attachments/120/Reducing%20Postharvest%20Losses%20in%20the%20OIC%20Member%20Countries.pdf",
"50","Bangladesh",,"01234","Tomatoes",2010,13.25,"4.5-22",,,"Farm",,,"75",,"BAU paper ; Akhter, R","http://www.mod.gov.tr/Lists/RecentPublications/Attachments/120/Reducing%20Postharvest%20Losses%20in%20the%20OIC%20Member%20Countries.pdf",
"50","Bangladesh",,"01213","Cauliflowers and broccoli",2010,10.3,"10.3",,,"Wholesale",,,"100","Survey","Mymensingh and Gazipur,","http://www.measurepostharvestlosses.com/sites/default/files/phlveg.pdf",
"50","Bangladesh",,"01213","Cauliflowers and broccoli",2010,4.2,"4.2",,,"Farm",,,"100","Survey","Mymensingh and Gazipur,","http://www.measurepostharvestlosses.com/sites/default/files/phlveg.pdf",
"50","Bangladesh",,"01213","Cauliflowers and broccoli",2010,9.2,"9.2",,,"Trader",,,"100","Survey","Mymensingh and Gazipur,","http://www.measurepostharvestlosses.com/sites/default/files/phlveg.pdf",
"50","Bangladesh",,"01213","Cauliflowers and broccoli",2010,10.7,"10.7",,,"Retail",,,"100","Survey","Mymensingh and Gazipur,","http://www.measurepostharvestlosses.com/sites/default/files/phlveg.pdf",
"50","Bangladesh",,"01213","Cauliflowers and broccoli",2010,34.4,"34.4%",,"Farm, Retailing, Trading, Wholesale","Whole supply chain",,,"400","Survey","Md Kamrul Hassan, Bishan Lal Das Chowdhury and Nasrin Akhter",,
"50","Bangladesh",,"01213","Cauliflowers and broccoli",2010,9.2,"9.2%",,"Trading","Trader",,,"100","Survey","Md Kamrul Hassan, Bishan Lal Das Chowdhury and Nasrin Akhter",,
"50","Bangladesh",,"01213","Cauliflowers and broccoli",2010,10.3,"10.3%",,"Wholesale","Wholesale",,,"100","Survey","Md Kamrul Hassan, Bishan Lal Das Chowdhury and Nasrin Akhter",,
"50","Bangladesh",,"01213","Cauliflowers and broccoli",2010,10.7,"10.7%",,"Retailing","Retail",,,"100","Survey","Md Kamrul Hassan, Bishan Lal Das Chowdhury and Nasrin Akhter",,
"50","Bangladesh",,"01213","Cauliflowers and broccoli",2010,4.2,"4.2%",,"Farm","Farm",,,"100","Survey","Md Kamrul Hassan, Bishan Lal Das Chowdhury and Nasrin Akhter",,
"50","Bangladesh",,"01232","Cucumbers and gherkins",2010,4.7,"4.7",,,"Retail",,,"100","Survey","Mymensingh and Gazipur,","http://www.measurepostharvestlosses.com/sites/default/files/phlassessveg.pdf",
"50","Bangladesh",,"01232","Cucumbers and gherkins",2010,10.7,"10.7",,,"Wholesale",,,"100","Survey","Mymensingh and Gazipur,","http://www.measurepostharvestlosses.com/sites/default/files/phlassessveg.pdf",
"50","Bangladesh",,"01232","Cucumbers and gherkins",2010,4.5,"4.5",,,"Trader",,,"100","Survey","Mymensingh and Gazipur,","http://www.measurepostharvestlosses.com/sites/default/files/phlassessveg.pdf",
"50","Bangladesh",,"01232","Cucumbers and gherkins",2010,7.2,"7.2%",,"Farm","Farm",,,"100","Survey","Md Kamrul Hassan, Bishan Lal Das Chowdhury and Nasrin Akhter",,
"50","Bangladesh",,"01232","Cucumbers and gherkins",2010,27.1,"27.1%",,"Farm, Retailing, Trading, Wholesale","Whole supply chain",,,"400","Survey","Md Kamrul Hassan, Bishan Lal Das Chowdhury and Nasrin Akhter",,
"50","Bangladesh",,"01232","Cucumbers and gherkins",2010,4.5,"4.5%",,"Trading","Trader",,,"100","Survey","Md Kamrul Hassan, Bishan Lal Das Chowdhury and Nasrin Akhter",,
"50","Bangladesh",,"01232","Cucumbers and gherkins",2010,10.7,"10.7%",,"Wholesale","Wholesale",,,"100","Survey","Md Kamrul Hassan, Bishan Lal Das Chowdhury and Nasrin Akhter",,
"50","Bangladesh",,"01232","Cucumbers and gherkins",2010,7.2,"7.2",,,"Farm",,,"100","Survey","Mymensingh and Gazipur,","http://www.measurepostharvestlosses.com/sites/default/files/phlassessveg.pdf",
"50","Bangladesh",,"01233","Eggplants (aubergines)",2010,7.4,"7.4%",,"Trading","Trader",,,"100","Survey","Md Kamrul Hassan, Bishan Lal Das Chowdhury and Nasrin Akhter",,
"50","Bangladesh",,"01233","Eggplants (aubergines)",2010,7.4,"7.4",,,"Trader",,,"100","Survey","Mymensingh and Gazipur,","http://www.measurepostharvestlosses.com/sites/default/files/phlassessveg.pdf",
"50","Bangladesh",,"01233","Eggplants (aubergines)",2010,6.6,"6.6",,,"Retail",,,"100","Survey","Mymensingh and Gazipur,","http://www.measurepostharvestlosses.com/sites/default/files/phlassessveg.pdf",
"50","Bangladesh",,"01233","Eggplants (aubergines)",2010,6.9,"6.9",,,"Farm",,,"100","Survey","Mymensingh and Gazipur,","http://www.measurepostharvestlosses.com/sites/default/files/phlassessveg.pdf",
"50","Bangladesh",,"01233","Eggplants (aubergines)",2010,6.9,"6.9%",,"Farm","Farm",,,"100","Survey","Md Kamrul Hassan, Bishan Lal Das Chowdhury and Nasrin Akhter",,
"50","Bangladesh",,"01233","Eggplants (aubergines)",2010,6.4,"6.4%",,"Retailing","Retail",,,"100","Survey","Md Kamrul Hassan, Bishan Lal Das Chowdhury and Nasrin Akhter",,
"50","Bangladesh",,"01233","Eggplants (aubergines)",2010,29.4,"29.4%",,"Farm, Retailing, Trading, Wholesale","Whole supply chain",,,"400","Survey","Md Kamrul Hassan, Bishan Lal Das Chowdhury and Nasrin Akhter",,
"50","Bangladesh",,"01233","Eggplants (aubergines)",2010,8.4,"8.4",,,"Wholesale",,,"100","Survey","Mymensingh and Gazipur,","http://www.measurepostharvestlosses.com/sites/default/files/phlassessveg.pdf",
"50","Bangladesh",,"01233","Eggplants (aubergines)",2010,8.4,"8.4%",,"Wholesale","Wholesale",,,"100","Survey","Md Kamrul Hassan, Bishan Lal Das Chowdhury and Nasrin Akhter",,
"50","Bangladesh",,"01234","Tomatoes",2010,6.9,"6.9",,,"Farm",,"Higher Postharvest Losses Of Tomato In The Conventional Production System May Be Attributed To The Lower Price Due To Higher Supply, Which Restrains The Growers And Other Intermediaries To Adopt Improved Practices","75",,"Mymensingh and Gazipur,","http://www.measurepostharvestlosses.com/sites/default/files/phlassessveg.pdf",
"50","Bangladesh",,"01234","Tomatoes",2010,8.9,"8.9",,,"Retail",,"Higher Postharvest Losses Of Tomato In The Conventional Production System May Be Attributed To The Lower Price Due To Higher Supply, Which Restrains The Growers And Other Intermediaries To Adopt Improved Practices","100",,"Mymensingh and Gazipur,","http://www.measurepostharvestlosses.com/sites/default/files/phlassessveg.pdf",
"50","Bangladesh",,"01234","Tomatoes",2010,8,"8.0%",,"Wholesale","Wholesale",,,"100","Survey","Md Kamrul Hassan, Bishan Lal Das Chowdhury and Nasrin Akhter",,
"50","Bangladesh",,"01234","Tomatoes",2010,9.1,"9.1",,,"Trader",,"Higher Postharvest Losses Of Tomato In The Conventional Production System May Be Attributed To The Lower Price Due To Higher Supply, Which Restrains The Growers And Other Intermediaries To Adopt Improved Practices","75",,"Mymensingh and Gazipur,","http://www.measurepostharvestlosses.com/sites/default/files/phlassessveg.pdf",
"50","Bangladesh",,"01234","Tomatoes",2010,9.1,"9.1%",,"Trading","Trader",,,"75","Survey","Md Kamrul Hassan, Bishan Lal Das Chowdhury and Nasrin Akhter",,
"50","Bangladesh",,"01234","Tomatoes",2010,8,"8",,,"Wholesale",,"Higher Postharvest Losses Of Tomato In The Conventional Production System May Be Attributed To The Lower Price Due To Higher Supply, Which Restrains The Growers And Other Intermediaries To Adopt Improved Practices","100",,"Mymensingh and Gazipur,","http://www.measurepostharvestlosses.com/sites/default/files/phlassessveg.pdf",
"50","Bangladesh",,"01234","Tomatoes",2010,6.9,"6.9%",,"Farm","Farm",,,"75","Survey","Md Kamrul Hassan, Bishan Lal Das Chowdhury and Nasrin Akhter",,
"50","Bangladesh",,"01234","Tomatoes",2010,8.9,"8.9%",,"Retailing","Retail",,,"100","Survey","Md Kamrul Hassan, Bishan Lal Das Chowdhury and Nasrin Akhter",,
"50","Bangladesh",,"01234","Tomatoes",2010,32.9,"32.9%",,"Farm, Retailing, Trading, Wholesale","Whole supply chain",,,"350","Survey","Md Kamrul Hassan, Bishan Lal Das Chowdhury and Nasrin Akhter",,
"50","Bangladesh",,"01239.01","Okra",2010,8.3,"8.3",,,"Retail",,,"100",,"Mymensingh and Gazipur,","http://www.measurepostharvestlosses.com/sites/default/files/phlassessveg.pdf",
"50","Bangladesh",,"01239.01","Okra",2010,10.7,"10.7",,,"Retail",,,"100","Survey","Mymensingh and Gazipur,","http://www.measurepostharvestlosses.com/sites/default/files/phlassessveg.pdf",
"50","Bangladesh",,"01239.01","Okra",2010,4.2,"4.2",,,"Farm",,,"100","Survey","Mymensingh and Gazipur,","http://www.measurepostharvestlosses.com/sites/default/files/phlassessveg.pdf",
"50","Bangladesh",,"01239.01","Okra",2010,4.9,"4.9%",,"Wholesale","Wholesale",,,"100","Survey","Md Kamrul Hassan, Bishan Lal Das Chowdhury and Nasrin Akhter",,
"50","Bangladesh",,"01239.01","Okra",2010,10.3,"10.3",,,"Wholesale",,,"100","Survey","Mymensingh and Gazipur,","http://www.measurepostharvestlosses.com/sites/default/files/phlassessveg.pdf",
"50","Bangladesh",,"01239.01","Okra",2010,9.8,"9.8",,,"Trader",,,"100",,"Mymensingh and Gazipur,","http://www.measurepostharvestlosses.com/sites/default/files/phlassessveg.pdf",
"50","Bangladesh",,"01239.01","Okra",2010,9.8,"9.8%",,"Trading","Trader",,,"100","Survey","Md Kamrul Hassan, Bishan Lal Das Chowdhury and Nasrin Akhter",,
"50","Bangladesh",,"01239.01","Okra",2010,32.3,"32.3%",,"Farm, Retailing, Trading, Wholesale","Whole supply chain",,,"400","Survey","Md Kamrul Hassan, Bishan Lal Das Chowdhury and Nasrin Akhter",,
"50","Bangladesh",,"01239.01","Okra",2010,4.9,"4.9",,,"Wholesale",,,"100",,"Mymensingh and Gazipur,","http://www.measurepostharvestlosses.com/sites/default/files/phlassessveg.pdf",
"50","Bangladesh",,"01239.01","Okra",2010,9.4,"9.4",,,"Farm",,,"100",,"Mymensingh and Gazipur,","http://www.measurepostharvestlosses.com/sites/default/files/phlassessveg.pdf",
"50","Bangladesh",,"01239.01","Okra",2010,9.4,"9.4%",,"Farm","Farm",,,"100","Survey","Md Kamrul Hassan, Bishan Lal Das Chowdhury and Nasrin Akhter",,
"50","Bangladesh",,"01239.01","Okra",2010,8.3,"8.3%",,"Retailing","Retail",,,"100","Survey","Md Kamrul Hassan, Bishan Lal Das Chowdhury and Nasrin Akhter",,
"50","Bangladesh",,"01239.01","Okra",2010,9.2,"9.2",,,"Trader",,,"100","Survey","Mymensingh and Gazipur,","http://www.measurepostharvestlosses.com/sites/default/files/phlassessveg.pdf",
"50","Bangladesh",,"01312","Bananas",2010,8.6,"8.6",,,"Wholesale",,,"100",,"Mymensingh and Gazipur,","http://www.measurepostharvestlosses.com/sites/default/files/phlassessveg.pdf",
"50","Bangladesh",,"01312","Bananas",2010,3.2,"3.2",,,"Retail",,,"100",,"Mymensingh and Gazipur,","http://www.measurepostharvestlosses.com/sites/default/files/phlassessveg.pdf",
"50","Bangladesh",,"01312","Bananas",2010,7.7,"7.7",,,"Farm",,,"100","Survey","Mymensingh and Gazipur,","http://www.measurepostharvestlosses.com/sites/default/files/phlassessveg.pdf",
"50","Bangladesh",,"01312","Bananas",2010,3.2,"3.2",,,"Retail",,,"100","Survey","Mymensingh and Gazipur,","http://www.measurepostharvestlosses.com/sites/default/files/phlassessveg.pdf",
"50","Bangladesh",,"01312","Bananas",2010,5.1,"5.1",,,"Trader",,,"100","Survey","Mymensingh and Gazipur,","http://www.measurepostharvestlosses.com/sites/default/files/phlassessveg.pdf",
"50","Bangladesh",,"01312","Bananas",2010,3.2,"3.2%",,"Retailing","Retail",,,"100","Survey","Md Kamrul Hassan, Bishan Lal Das Chowdhury and Nasrin Akhter",,
"50","Bangladesh",,"01312","Bananas",2010,7.7,"7.7%",,"Farm","Farm",,,"100","Survey","Md Kamrul Hassan, Bishan Lal Das Chowdhury and Nasrin Akhter",,
"50","Bangladesh",,"01312","Bananas",2010,5.1,"5.1%",,"Trading","Trader",,,"100","Survey","Md Kamrul Hassan, Bishan Lal Das Chowdhury and Nasrin Akhter",,
"50","Bangladesh",,"01312","Bananas",2010,8.6,"8.6",,,"Wholesale",,,"100","Survey","Mymensingh and Gazipur,","http://www.measurepostharvestlosses.com/sites/default/files/phlassessveg.pdf",
"50","Bangladesh",,"01312","Bananas",2010,4.7,"4.7%",,"Retailing","Retail",,,"100","Survey","Md Kamrul Hassan, Bishan Lal Das Chowdhury and Nasrin Akhter",,
"50","Bangladesh",,"01312","Bananas",2010,24.6,"24.6%",,"Farm, Retailing, Trading, Wholesale","Whole supply chain",,,"400","Survey","Md Kamrul Hassan, Bishan Lal Das Chowdhury and Nasrin Akhter",,
"50","Bangladesh",,"01312","Bananas",2010,8.6,"8.6%",,"Wholesale","Wholesale",,,"100","Survey","Md Kamrul Hassan, Bishan Lal Das Chowdhury and Nasrin Akhter",,
"50","Bangladesh",,"01312","Bananas",2010,7.7,"7.7",,,"Farm",,,"100",,"Mymensingh and Gazipur,","http://www.measurepostharvestlosses.com/sites/default/files/phlassessveg.pdf",
"50","Bangladesh",,"01312","Bananas",2010,5.1,"5.1",,,"Trader",,,"100",,"Mymensingh and Gazipur,","http://www.measurepostharvestlosses.com/sites/default/files/phlassessveg.pdf",
"50","Bangladesh","4 Upazillas of Chapai Nowabgonj and 2 Upazillas of Rajshahi.","01316","Mangoes, guavas and mangosteens",2010,4.1,"2.1-6.1",,,"Farm",,,"150",,"Mymensingh and Gazipur,","http://www.measurepostharvestlosses.com/sites/default/files/phlassessveg.pdf",
"50","Bangladesh",,"01316","Mangoes, guavas and mangosteens",2010,27.4,"27.4%",,"Farm, Retailing, Trading, Wholesale","Whole supply chain",,,"450","Survey","Md Kamrul Hassan, Bishan Lal Das Chowdhury and Nasrin Akhter",,
"50","Bangladesh",,"01316","Mangoes, guavas and mangosteens",2010,8,"8%",,"Trading","Trader",,,"100","Survey","Md Kamrul Hassan, Bishan Lal Das Chowdhury and Nasrin Akhter",,
"50","Bangladesh","Dhaka and Mymensingh","01316","Mangoes, guavas and mangosteens",2010,9.25,"7.5-11",,,"Wholesale",,"Lower In The Surveyed Markets Of Chapai Nowabgonj, The Leading Mango Growing District Of Bangladesh (Table 12.2). This Result Would Be Attributed To The Use Of Recently Introduced Plastic Crates For Long Distance Transport Instead Of The Age-Old Conventional Method Of Mango Packaging With Bamboo Baskets And Gunny Bags","100",,"Mymensingh and Gazipur,","http://www.measurepostharvestlosses.com/sites/default/files/phlassessveg.pdf",
"50","Bangladesh","Baneshar Bazar assesmble market of Rajshahi district. In contrast, the losses were lower in the surveyed markets of Chapai Nowabgonj,","01316","Mangoes, guavas and mangosteens",2010,8.35,"6.6-10.1",,,"Trader",,,"100",,"Mymensingh and Gazipur,","http://www.measurepostharvestlosses.com/sites/default/files/phlassessveg.pdf",
"50","Bangladesh","Chapai Nowabgonj, Dhaka and Mymensingh","01316","Mangoes, guavas and mangosteens",2010,7,"7",,,"Retail",,,"100","Survey","Mymensingh and Gazipur,","http://www.measurepostharvestlosses.com/sites/default/files/phlassessveg.pdf",
"50","Bangladesh",,"01316","Mangoes, guavas and mangosteens",2010,4,"4%",,"Farm","Farm",,,"150","Survey","Md Kamrul Hassan, Bishan Lal Das Chowdhury and Nasrin Akhter",,
"50","Bangladesh",,"01316","Mangoes, guavas and mangosteens",2010,7,"7%",,"Retailing","Retail",,,"100","Survey","Md Kamrul Hassan, Bishan Lal Das Chowdhury and Nasrin Akhter",,
"50","Bangladesh","Dhaka and Mymensingh","01316","Mangoes, guavas and mangosteens",2010,8,"8",,,"Wholesale",,"Lower In The Surveyed Markets Of Chapai Nowabgonj, The Leading Mango Growing District Of Bangladesh (Table 12.2). This Result Would Be Attributed To The Use Of Recently Introduced Plastic Crates For Long Distance Transport Instead Of The Age-Old Conventional Method Of Mango Packaging With Bamboo Baskets And Gunny Bags","100","Survey","Mymensingh and Gazipur,","http://www.measurepostharvestlosses.com/sites/default/files/phlassessveg.pdf",
"50","Bangladesh","Baneshar Bazar assesmble market of Rajshahi district. In contrast, the losses were lower in the surveyed markets of Chapai Nowabgonj,","01316","Mangoes, guavas and mangosteens",2010,8,"8",,,"Trader",,,"100","Survey","Mymensingh and Gazipur,","http://www.measurepostharvestlosses.com/sites/default/files/phlassessveg.pdf",
"50","Bangladesh",,"01316","Mangoes, guavas and mangosteens",2010,8,"8%",,"Wholesale","Wholesale",,,"100","Survey","Md Kamrul Hassan, Bishan Lal Das Chowdhury and Nasrin Akhter",,
"50","Bangladesh","Chapai Nowabgonj, Dhaka and Mymensingh","01316","Mangoes, guavas and mangosteens",2010,6.7,"4.7-8.7",,,"Retail",,,"100",,"Mymensingh and Gazipur,","http://www.measurepostharvestlosses.com/sites/default/files/phlassessveg.pdf",
"50","Bangladesh","4 Upazillas of Chapai Nowabgonj and 2 Upazillas of Rajshahi.","01316","Mangoes, guavas and mangosteens",2010,4,"4",,,"Farm",,,"150","Survey","Mymensingh and Gazipur,","http://www.measurepostharvestlosses.com/sites/default/files/phlassessveg.pdf",
"50","Bangladesh",,"01317","Papayas",2010,12.2,"12.2%",,"Wholesale","Wholesale",,,"100","Survey","Md Kamrul Hassan, Bishan Lal Das Chowdhury and Nasrin Akhter",,
"50","Bangladesh",,"01317","Papayas",2010,12.2,"12.2",,,"Wholesale",,,"100","Survey","Mymensingh and Gazipur,","http://www.measurepostharvestlosses.com/sites/default/files/phlassessveg.pdf",
"50","Bangladesh",,"01317","Papayas",2010,6.1,"6.1",,,"Farm",,,"75","Survey","Mymensingh and Gazipur,","http://www.measurepostharvestlosses.com/sites/default/files/phlassessveg.pdf",
"50","Bangladesh",,"01317","Papayas",2010,7.9,"7.9%",,"Retailing","Retail",,,"100","Survey","Md Kamrul Hassan, Bishan Lal Das Chowdhury and Nasrin Akhter",,
"50","Bangladesh",,"01317","Papayas",2010,7.9,"7.9",,,"Retail",,,"100","Survey","Mymensingh and Gazipur,","http://www.measurepostharvestlosses.com/sites/default/files/phlassessveg.pdf",
"50","Bangladesh",,"01317","Papayas",2010,6.1,"6.1%",,"Farm","Farm",,,"75","Survey","Md Kamrul Hassan, Bishan Lal Das Chowdhury and Nasrin Akhter",,
"50","Bangladesh",,"01317","Papayas",2010,13.7,"13.7",,,"Trader",,,"75","Survey","Mymensingh and Gazipur,","http://www.measurepostharvestlosses.com/sites/default/files/phlassessveg.pdf",
"50","Bangladesh",,"01317","Papayas",2010,39.9,"39.9%",,"Farm, Retailing, Trading, Wholesale","Whole supply chain",,,"350","Survey","Md Kamrul Hassan, Bishan Lal Das Chowdhury and Nasrin Akhter",,
"50","Bangladesh",,"01317","Papayas",2010,13.7,"13.7%",,"Trading","Trader",,,"75","Survey","Md Kamrul Hassan, Bishan Lal Das Chowdhury and Nasrin Akhter",,
"50","Bangladesh",,"01318","Pineapples",2010,14.1,"14.1%",,"Wholesale","Wholesale",,,"100","Survey","Md Kamrul Hassan, Bishan Lal Das Chowdhury and Nasrin Akhter",,
"50","Bangladesh",,"01318","Pineapples",2010,10.4,"10.4",,,"Farm",,,"100","Survey","Mymensingh and Gazipur,","http://www.measurepostharvestlosses.com/sites/default/files/phlassessveg.pdf",
"50","Bangladesh",,"01318","Pineapples",2010,10.4,"10.4%",,"Farm","Farm",,,"100","Survey","Md Kamrul Hassan, Bishan Lal Das Chowdhury and Nasrin Akhter",,
"50","Bangladesh",,"01318","Pineapples",2010,11.55,"11.55%",,"Trading","Trader",,,"100","Survey","Md Kamrul Hassan, Bishan Lal Das Chowdhury and Nasrin Akhter",,
"50","Bangladesh",,"01318","Pineapples",2010,11.55,"11.55",,,"Trader",,,"100","Survey","Mymensingh and Gazipur,","http://www.measurepostharvestlosses.com/sites/default/files/phlassessveg.pdf",
"50","Bangladesh",,"01318","Pineapples",2010,6.97,"6.97%",,"Retailing","Retail",,,"100","Survey","Md Kamrul Hassan, Bishan Lal Das Chowdhury and Nasrin Akhter",,
"50","Bangladesh",,"01318","Pineapples",2010,43,"43%",,"Farm, Retailing, Trading, Wholesale","Whole supply chain",,,"400","Survey","Md Kamrul Hassan, Bishan Lal Das Chowdhury and Nasrin Akhter",,
"50","Bangladesh",,"01318","Pineapples",2010,14.1,"14.1",,,"Wholesale",,,"100","Survey","Mymensingh and Gazipur,","http://www.measurepostharvestlosses.com/sites/default/files/phlassessveg.pdf",
"50","Bangladesh",,"01318","Pineapples",2010,6.97,"6.97",,,"Retail",,,"100","Survey","Mymensingh and Gazipur,","http://www.measurepostharvestlosses.com/sites/default/files/phlassessveg.pdf",
"50","Bangladesh",,"01319","Other tropical and subtropical fruits, n.e.c.",2010,5.14,"5.14%",,"Retailing","Retail",,,"100","Survey","Md Kamrul Hassan, Bishan Lal Das Chowdhury and Nasrin Akhter",,
"50","Bangladesh",,"01319","Other tropical and subtropical fruits, n.e.c.",2010,6.1,"6.1",,,"Wholesale",,,"75",,"Mymensingh and Gazipur,","http://www.measurepostharvestlosses.com/sites/default/files/phlassessveg.pdf",
"50","Bangladesh",,"01319","Other tropical and subtropical fruits, n.e.c.",2010,8.51,"8.51",,,"Farm",,,"120",,"Mymensingh and Gazipur,","http://www.measurepostharvestlosses.com/sites/default/files/phlassessveg.pdf",
"50","Bangladesh",,"01319","Other tropical and subtropical fruits, n.e.c.",2010,6.1,"6.1",,,"Wholesale",,,"75","Survey","Mymensingh and Gazipur,","http://www.measurepostharvestlosses.com/sites/default/files/phlassessveg.pdf",
"50","Bangladesh",,"01319","Other tropical and subtropical fruits, n.e.c.",2010,5.11,"5.11",,,"Trader",,,"100",,"Mymensingh and Gazipur,","http://www.measurepostharvestlosses.com/sites/default/files/phlassessveg.pdf",
"50","Bangladesh",,"01319","Other tropical and subtropical fruits, n.e.c.",2010,5.11,"5.11%",,"Trading","Trader",,,"100","Survey","Md Kamrul Hassan, Bishan Lal Das Chowdhury and Nasrin Akhter",,
"50","Bangladesh",,"01319","Other tropical and subtropical fruits, n.e.c.",2010,6.1,"6.1%",,"Wholesale","Wholesale",,,"75","Survey","Md Kamrul Hassan, Bishan Lal Das Chowdhury and Nasrin Akhter",,
"50","Bangladesh",,"01319","Other tropical and subtropical fruits, n.e.c.",2010,24.9,"24.9%",,"Farm, Retailing, Trading, Wholesale","Whole supply chain",,,"395","Survey","Md Kamrul Hassan, Bishan Lal Das Chowdhury and Nasrin Akhter",,
"50","Bangladesh",,"01319","Other tropical and subtropical fruits, n.e.c.",2010,8.51,"8.51%",,"Farm","Farm",,,"120","Survey","Md Kamrul Hassan, Bishan Lal Das Chowdhury and Nasrin Akhter",,
"50","Bangladesh",,"01319","Other tropical and subtropical fruits, n.e.c.",2010,5.14,"5.14",,,"Retail",,,"100",,"Mymensingh and Gazipur,","http://www.measurepostharvestlosses.com/sites/default/files/phlassessveg.pdf",
"50","Bangladesh",,"01319","Other tropical and subtropical fruits, n.e.c.",2010,5.11,"5.11",,,"Trader",,,"100","Survey","Mymensingh and Gazipur,","http://www.measurepostharvestlosses.com/sites/default/files/phlassessveg.pdf",
"50","Bangladesh",,"01319","Other tropical and subtropical fruits, n.e.c.",2010,5.14,"5.14",,,"Retail",,,"100","Survey","Mymensingh and Gazipur,","http://www.measurepostharvestlosses.com/sites/default/files/phlassessveg.pdf",
"50","Bangladesh",,"01319","Other tropical and subtropical fruits, n.e.c.",2010,8.51,"8.51",,,"Farm",,,"120","Survey","Mymensingh and Gazipur,","http://www.measurepostharvestlosses.com/sites/default/files/phlassessveg.pdf",
"50","Bangladesh",,"01323","Oranges",2010,8.7,"8.7",,,"Retail",,,"100",,"Mymensingh and Gazipur,","http://www.measurepostharvestlosses.com/sites/default/files/phlassessveg.pdf",
"50","Bangladesh",,"01323","Oranges",2010,5.2,"5.2",,,"Farm",,,"50",,"Mymensingh and Gazipur,","http://www.measurepostharvestlosses.com/sites/default/files/phlassessveg.pdf",
"50","Bangladesh",,"01323","Oranges",2010,5.2,"5.2",,,"Farm",,,"50","Survey","Mymensingh and Gazipur,","http://www.measurepostharvestlosses.com/sites/default/files/phlassessveg.pdf",
"50","Bangladesh",,"01323","Oranges",2010,23.6,"23.6%",,"Farm, Retailing, Trading, Wholesale","Whole supply chain",,,"250","Survey","Md Kamrul Hassan, Bishan Lal Das Chowdhury and Nasrin Akhter",,
"50","Bangladesh",,"01323","Oranges",2010,4,"4",,,"Wholesale",,,"50","Survey","Mymensingh and Gazipur,","http://www.measurepostharvestlosses.com/sites/default/files/phlassessveg.pdf",
"50","Bangladesh",,"01323","Oranges",2010,8.7,"8.7",,,"Retail",,,"100","Survey","Mymensingh and Gazipur,","http://www.measurepostharvestlosses.com/sites/default/files/phlassessveg.pdf",
"50","Bangladesh",,"01323","Oranges",2010,5.7,"5.7",,,"Trader",,,"50","Survey","Mymensingh and Gazipur,","http://www.measurepostharvestlosses.com/sites/default/files/phlassessveg.pdf",
"50","Bangladesh",,"01323","Oranges",2010,5.7,"5.7",,,"Trader",,,"50",,"Mymensingh and Gazipur,","http://www.measurepostharvestlosses.com/sites/default/files/phlassessveg.pdf",
"50","Bangladesh",,"01323","Oranges",2010,4,"4.0%",,"Wholesale","Wholesale",,,"50","Survey","Md Kamrul Hassan, Bishan Lal Das Chowdhury and Nasrin Akhter",,
"50","Bangladesh",,"01323","Oranges",2010,5.2,"5.2%",,"Farm","Farm",,,"50","Survey","Md Kamrul Hassan, Bishan Lal Das Chowdhury and Nasrin Akhter",,
"50","Bangladesh",,"01323","Oranges",2010,8.7,"8.7%",,"Retailing","Retail",,,"100","Survey","Md Kamrul Hassan, Bishan Lal Das Chowdhury and Nasrin Akhter",,
"50","Bangladesh",,"01323","Oranges",2010,4,"4",,,"Wholesale",,,"50",,"Mymensingh and Gazipur,","http://www.measurepostharvestlosses.com/sites/default/files/phlassessveg.pdf",
"50","Bangladesh",,"01323","Oranges",2010,5.7,"5.7%",,"Trading","Trader",,,"50","Survey","Md Kamrul Hassan, Bishan Lal Das Chowdhury and Nasrin Akhter",,
"566","Nigeria",,"01231","Chillies and peppers, green (<i>Capsicum</i> spp. and <i>Pimenta</i> spp.)",2010,12,"12%",,"Harvesting","Harvest",,,"60","Survey","Olayemi F. F., Adegbola J. A., Bamishaiye E. I. and Daura A. M. (2010)",,
"566","Nigeria",,"01231","Chillies and peppers, green (<i>Capsicum</i> spp. and <i>Pimenta</i> spp.)",2010,15,"15%",,"Transportation","Transport",,,"60","Survey","Olayemi F. F., Adegbola J. A., Bamishaiye E. I. and Daura A. M. (2010)",,
"566","Nigeria",,"01231","Chillies and peppers, green (<i>Capsicum</i> spp. and <i>Pimenta</i> spp.)",2010,10,"10%",,"Transportation","Transport",,,"60","Survey","Olayemi F. F., Adegbola J. A., Bamishaiye E. I. and Daura A. M. (2010)",,
"566","Nigeria",,"01234","Tomatoes",2010,28,"28",,,"Transport",,,"60",,"Olayemi F. F., Adegbola J. A., Bamishaiye E. I. and Daura A. M","http://www.measurepostharvestlosses.com/sites/default/files/survtomatoeph.pdf",
"566","Nigeria",,"01234","Tomatoes",2010,20,"20",,,"Farm",,,"60",,"Olayemi F. F., Adegbola J. A., Bamishaiye E. I. and Daura A. M","http://www.measurepostharvestlosses.com/sites/default/files/survtomatoeph.pdf",
"566","Nigeria",,"01234","Tomatoes",2010,20,"20%",,"Harvesting","Harvest",,,"60","Survey","Olayemi F. F., Adegbola J. A., Bamishaiye E. I. and Daura A. M. (2010)",,
"566","Nigeria",,"01234","Tomatoes",2010,28,"28%",,"Transportation","Transport",,,"60","Survey","Olayemi F. F., Adegbola J. A., Bamishaiye E. I. and Daura A. M. (2010)",,
"566","Nigeria",,"01313","Plantains and cooking bananas",2010,26,"26-26",,,"Farm",,"Poor cultural practices, not processed into flour, raw commodity left to rot","450","Survey","Olayemi, F. F.","https://www.researchgate.net/publication/274427068_Assessment_of_Post_Harvest_Losses_of_Some_Selected_Crops_in_Eight_Local_Government_Areas_of_Rivers_State_Nigeria",
"586","Pakistan",,"01316","Mangoes, guavas and mangosteens",2010,1.8,"1.8",,,"Storage","At 30 degree celsius",,,"Controlled Experiment","M.K. Baloch, F. Bibi / South African Journal of Botany 83 (2012) 109â€“116",,"Expanded from loss factor 22414 based on the period_years."
"586","Pakistan",,"01316","Mangoes, guavas and mangosteens",2010,4.5,"4.5",,,"Storage","At 40 degree celsius",,,"Controlled Experiment","M.K. Baloch, F. Bibi / South African Journal of Botany 83 (2012) 109â€“116",,"Expanded from loss factor 22412 based on the period_years."
"586","Pakistan",,"01316","Mangoes, guavas and mangosteens",2010,4,"4",,,"Storage","At 40 degree celsius",,,"Controlled Experiment","M.K. Baloch, F. Bibi / South African Journal of Botany 83 (2012) 109â€“116",,"Expanded from loss factor 22421 based on the period_years."
"586","Pakistan",,"01316","Mangoes, guavas and mangosteens",2010,3.3,"3.3",,,"Storage","At 40 degree celsius",,,"Controlled Experiment","M.K. Baloch, F. Bibi / South African Journal of Botany 83 (2012) 109â€“116",,"Expanded from loss factor 22427 based on the period_years."
"586","Pakistan",,"01316","Mangoes, guavas and mangosteens",2010,3,"3",,,"Storage","At 30 degree celsius",,,"Controlled Experiment","M.K. Baloch, F. Bibi / South African Journal of Botany 83 (2012) 109â€“116",,"Expanded from loss factor 22417 based on the period_years."
"586","Pakistan",,"01316","Mangoes, guavas and mangosteens",2010,5,"5",,,"Storage","At 20 degree celsius",,,"Controlled Experiment","M.K. Baloch, F. Bibi / South African Journal of Botany 83 (2012) 109â€“116",,"Expanded from loss factor 22419 based on the period_years."
"586","Pakistan",,"01316","Mangoes, guavas and mangosteens",2010,3,"3",,,"Storage","At 20 degree celsius",,,"Controlled Experiment","M.K. Baloch, F. Bibi / South African Journal of Botany 83 (2012) 109â€“116",,"Expanded from loss factor 22422 based on the period_years."
"586","Pakistan",,"01316","Mangoes, guavas and mangosteens",2010,4,"4",,,"Storage","At 40 degree celsius",,,"Controlled Experiment","M.K. Baloch, F. Bibi / South African Journal of Botany 83 (2012) 109â€“116",,"Expanded from loss factor 22418 based on the period_years."
"586","Pakistan",,"01316","Mangoes, guavas and mangosteens",2010,3.5,"3.5",,,"Storage","At 30 degree celsius",,,"Controlled Experiment","M.K. Baloch, F. Bibi / South African Journal of Botany 83 (2012) 109â€“116",,"Expanded from loss factor 22411 based on the period_years."
"586","Pakistan",,"01316","Mangoes, guavas and mangosteens",2010,4,"4",,,"Storage",,,,"Controlled Experiment","M.K. Baloch, F. Bibi / South African Journal of Botany 83 (2012) 109â€“116",,"Expanded from loss factor 22413 based on the period_years."
"586","Pakistan",,"01316","Mangoes, guavas and mangosteens",2010,5.5,"5.5",,,"Storage","At 20 degree celsius",,,"Controlled Experiment","M.K. Baloch, F. Bibi / South African Journal of Botany 83 (2012) 109â€“116",,"Expanded from loss factor 22410 based on the period_years."
"586","Pakistan",,"01316","Mangoes, guavas and mangosteens",2010,2.7,"2.7",,,"Storage","At 40 degree celsius",,,"Controlled Experiment","M.K. Baloch, F. Bibi / South African Journal of Botany 83 (2012) 109â€“116",,"Expanded from loss factor 22424 based on the period_years."
"586","Pakistan",,"01316","Mangoes, guavas and mangosteens",2010,1.5,"1.5",,,"Storage","At 30 degree celsius",,,"Controlled Experiment","M.K. Baloch, F. Bibi / South African Journal of Botany 83 (2012) 109â€“116",,"Expanded from loss factor 22423 based on the period_years."
"586","Pakistan",,"01316","Mangoes, guavas and mangosteens",2010,3,"3",,,"Storage","At 40 degree celsius",,,"Controlled Experiment","M.K. Baloch, F. Bibi / South African Journal of Botany 83 (2012) 109â€“116",,"Expanded from loss factor 22415 based on the period_years."
"586","Pakistan",,"01316","Mangoes, guavas and mangosteens",2010,4,"4",,,"Storage","At 20 degree celsius",,,"Controlled Experiment","M.K. Baloch, F. Bibi / South African Journal of Botany 83 (2012) 109â€“116",,"Expanded from loss factor 22425 based on the period_years."
"586","Pakistan",,"01316","Mangoes, guavas and mangosteens",2010,4.5,"4.5",,,"Storage","At 20 degree celsius",,,"Controlled Experiment","M.K. Baloch, F. Bibi / South African Journal of Botany 83 (2012) 109â€“116",,"Expanded from loss factor 22416 based on the period_years."
"586","Pakistan",,"01316","Mangoes, guavas and mangosteens",2010,3,"3",,,"Storage","At 30 degree celsius",,,"Controlled Experiment","M.K. Baloch, F. Bibi / South African Journal of Botany 83 (2012) 109â€“116",,"Expanded from loss factor 22420 based on the period_years."
"586","Pakistan",,"01316","Mangoes, guavas and mangosteens",2010,2.5,"2.5",,,"Storage","At 30 degree celsius",,,"Controlled Experiment","M.K. Baloch, F. Bibi / South African Journal of Botany 83 (2012) 109â€“116",,"Expanded from loss factor 22426 based on the period_years."
"646","Rwanda",,"01234","Tomatoes",2010,4.9,"2-7.8",,,"Farm",,"rough handling, the effects of high ambient temperatures and poor quality package","10","Case Study","Kitinoja","http://ucanr.edu/datastoreFiles/234-1847.pdf",
"646","Rwanda",,"01234","Tomatoes",2010,10.6,"6.5-14.7",,,"Wholesale",,"rough handling, the effects of high ambient temperatures and poor quality package","10","Case Study","Kitinoja","http://ucanr.edu/datastoreFiles/234-1847.pdf",
"646","Rwanda",,"01234","Tomatoes",2010,10.6,"6.5-14.7",,,"Retail",,"rough handling, the effects of high ambient temperatures and poor quality package","10","Case Study","Kitinoja","http://ucanr.edu/datastoreFiles/234-1847.pdf",
"646","Rwanda",,"01312","Bananas",2010,7.4,"0-14.8",,,"Farm",,,"10","Case Study","Kitinoja","http://ucanr.edu/datastoreFiles/234-1847.pdf",
"646","Rwanda",,"01312","Bananas",2010,15.05,"0-30.1",,,"Retail",,,"10","Case Study","Kitinoja","http://ucanr.edu/datastoreFiles/234-1847.pdf",
"646","Rwanda",,"01312","Bananas",2010,15.05,"0-30.1",,,"Wholesale",,,"10","Case Study","Kitinoja","http://ucanr.edu/datastoreFiles/234-1847.pdf",
"646","Rwanda",,"01318","Pineapples",2010,11.5,"2.0-21",,,"Wholesale",,,"10","Case Study","Kitinoja","http://ucanr.edu/datastoreFiles/234-1847.pdf",
"646","Rwanda",,"01318","Pineapples",2010,5.9,"0-11.8",,,"Farm",,,"10","Case Study","Kitinoja","http://ucanr.edu/datastoreFiles/234-1847.pdf",
"646","Rwanda",,"01318","Pineapples",2010,11.5,"2.0-21",,,"Retail",,,"10","Case Study","Kitinoja","http://ucanr.edu/datastoreFiles/234-1847.pdf",
"840","United States of America",,"01211","Asparagus",2010,9,"9",,,"Whole supply chain",,,,"National Accounts",,"https://www.ers.usda.gov/data-products/food-availability-per-capita-data-system/",
"840","United States of America",,"01212","Cabbages",2010,8,"8",,,"Whole supply chain",,,,"National Accounts",,"https://www.ers.usda.gov/data-products/food-availability-per-capita-data-system/",
"840","United States of America",,"01212","Cabbages",2010,12,"12",,,"Whole supply chain",,,,"National Accounts",,"https://www.ers.usda.gov/data-products/food-availability-per-capita-data-system/",
"840","United States of America",,"01212","Cabbages",2010,12,"12",,,"Whole supply chain",,,,"National Accounts",,"https://www.ers.usda.gov/data-products/food-availability-per-capita-data-system/",
"840","United States of America",,"01212","Cabbages",2010,12,"12",,,"Whole supply chain",,,,"National Accounts",,"https://www.ers.usda.gov/data-products/food-availability-per-capita-data-system/",
"840","United States of America",,"01212","Cabbages",2010,7,"7",,,"Whole supply chain",,,,"National Accounts",,"https://www.ers.usda.gov/data-products/food-availability-per-capita-data-system/",
"840","United States of America",,"01213","Cauliflowers and broccoli",2010,8,"8",,,"Whole supply chain",,,,"National Accounts",,"https://www.ers.usda.gov/data-products/food-availability-per-capita-data-system/",
"840","United States of America",,"01213","Cauliflowers and broccoli",2010,8,"8",,,"Whole supply chain",,,,"National Accounts",,"https://www.ers.usda.gov/data-products/food-availability-per-capita-data-system/",
"840","United States of America",,"01214","Lettuce and chicory",2010,10,"10",,,"Whole supply chain",,,,"National Accounts",,"https://www.ers.usda.gov/data-products/food-availability-per-capita-data-system/",
"840","United States of America",,"01214","Lettuce and chicory",2010,7,"7",,,"Whole supply chain",,,,"National Accounts",,"https://www.ers.usda.gov/data-products/food-availability-per-capita-data-system/",
"840","United States of America",,"01214","Lettuce and chicory",2010,7,"7",,,"Whole supply chain",,,,"National Accounts",,"https://www.ers.usda.gov/data-products/food-availability-per-capita-data-system/",
"840","United States of America",,"01215","Spinach",2010,12,"12",,,"Whole supply chain",,,,"National Accounts",,"https://www.ers.usda.gov/data-products/food-availability-per-capita-data-system/",
"840","United States of America",,"01216","Artichokes",2010,7,"7",,,"Whole supply chain",,,,"National Accounts",,"https://www.ers.usda.gov/data-products/food-availability-per-capita-data-system/",
"840","United States of America",,"01221","Watermelons",2010,10,"10",,,"Whole supply chain",,,,"National Accounts",,"https://www.ers.usda.gov/data-products/food-availability-per-capita-data-system/",
"840","United States of America",,"01229","Cantaloupes and other melons",2010,8,"8",,,"Whole supply chain",,,,"National Accounts",,"https://www.ers.usda.gov/data-products/food-availability-per-capita-data-system/",
"840","United States of America",,"01229","Cantaloupes and other melons",2010,8,"8",,,"Whole supply chain",,,,"National Accounts",,"https://www.ers.usda.gov/data-products/food-availability-per-capita-data-system/",
"840","United States of America",,"01231","Chillies and peppers, green (<i>Capsicum</i> spp. and <i>Pimenta</i> spp.)",2010,8,"8",,,"Whole supply chain",,,,"National Accounts",,"https://www.ers.usda.gov/data-products/food-availability-per-capita-data-system/",
"840","United States of America",,"01232","Cucumbers and gherkins",2010,8,"8",,,"Whole supply chain",,,,"National Accounts",,"https://www.ers.usda.gov/data-products/food-availability-per-capita-data-system/",
"840","United States of America",,"01233","Eggplants (aubergines)",2010,10,"10",,,"Whole supply chain",,,,"National Accounts",,"https://www.ers.usda.gov/data-products/food-availability-per-capita-data-system/",
"840","United States of America",,"01234","Tomatoes",2010,15,"15",,,"Whole supply chain",,,,"National Accounts",,"https://www.ers.usda.gov/data-products/food-availability-per-capita-data-system/",
"840","United States of America",,"01235","Pumpkins, squash and gourds",2010,10,"10",,,"Whole supply chain",,,,"National Accounts",,"https://www.ers.usda.gov/data-products/food-availability-per-capita-data-system/",
"840","United States of America",,"01235","Pumpkins, squash and gourds",2010,10,"10",,,"Whole supply chain",,,,"National Accounts",,"https://www.ers.usda.gov/data-products/food-availability-per-capita-data-system/",
"840","United States of America",,"01239.01","Okra",2010,12,"12",,,"Whole supply chain",,,,"National Accounts",,"https://www.ers.usda.gov/data-products/food-availability-per-capita-data-system/",
"840","United States of America",,"01241.90","Other beans, green",2010,8,"8",,,"Whole supply chain",,,,"National Accounts",,"https://www.ers.usda.gov/data-products/food-availability-per-capita-data-system/",
"840","United States of America",,"01241.90","Other beans, green",2010,6,"6",,,"Whole supply chain",,,,"National Accounts",,"https://www.ers.usda.gov/data-products/food-availability-per-capita-data-system/",
"840","United States of America",,"01251","Carrots and turnips",2010,3,"3",,,"Whole supply chain",,,,"National Accounts",,"https://www.ers.usda.gov/data-products/food-availability-per-capita-data-system/",
"840","United States of America",,"01251","Carrots and turnips",2010,12,"12",,,"Whole supply chain",,,,"National Accounts",,"https://www.ers.usda.gov/data-products/food-availability-per-capita-data-system/",
"840","United States of America",,"01252","Green garlic",2010,19,"19",,,"Whole supply chain",,,,"National Accounts",,"https://www.ers.usda.gov/data-products/food-availability-per-capita-data-system/",
"840","United States of America",,"01253.01","Onions and shallots, green",2010,6,"6",,,"Whole supply chain",,,,"National Accounts",,"https://www.ers.usda.gov/data-products/food-availability-per-capita-data-system/",
"840","United States of America",,"01270","Mushrooms and truffles",2010,6,"6",,,"Whole supply chain",,,,"National Accounts",,"https://www.ers.usda.gov/data-products/food-availability-per-capita-data-system/",
"840","United States of America",,"01290.01","Green corn (maize)",2010,8,"8",,,"Whole supply chain",,,,"National Accounts",,"https://www.ers.usda.gov/data-products/food-availability-per-capita-data-system/",
"840","United States of America",,"01290.90","Other vegetables, fresh n.e.c.",2010,7,"7",,,"Whole supply chain",,,,"National Accounts",,"https://www.ers.usda.gov/data-products/food-availability-per-capita-data-system/",
"840","United States of America",,"01311","Avocados",2010,6,"6",,,"Whole supply chain",,,,"National Accounts",,"https://www.ers.usda.gov/data-products/food-availability-per-capita-data-system/",
"840","United States of America",,"01316","Mangoes, guavas and mangosteens",2010,5,"5",,,"Whole supply chain",,,,"National Accounts",,"https://www.ers.usda.gov/data-products/food-availability-per-capita-data-system/",
"840","United States of America",,"01317","Papayas",2010,5,"5",,,"Whole supply chain",,,,"National Accounts",,"https://www.ers.usda.gov/data-products/food-availability-per-capita-data-system/",
"840","United States of America",,"01318","Pineapples",2010,5,"5",,,"Whole supply chain",,,,"National Accounts",,"https://www.ers.usda.gov/data-products/food-availability-per-capita-data-system/",
"840","United States of America",,"01321","Pomelos and grapefruits",2010,3,"3",,,"Whole supply chain",,,,"National Accounts",,"https://www.ers.usda.gov/data-products/food-availability-per-capita-data-system/",
"840","United States of America",,"01321","Pomelos and grapefruits",2010,3,"3",,,"Whole supply chain",,,,"National Accounts",,"https://www.ers.usda.gov/data-products/food-availability-per-capita-data-system/",
"840","United States of America",,"01322","Lemons and limes",2010,4,"4",,,"Whole supply chain",,,,"National Accounts",,"https://www.ers.usda.gov/data-products/food-availability-per-capita-data-system/",
"840","United States of America",,"01322","Lemons and limes",2010,5,"5",,,"Whole supply chain",,,,"National Accounts",,"https://www.ers.usda.gov/data-products/food-availability-per-capita-data-system/",
"840","United States of America",,"01324","Tangerines, mandarins, clementines",2010,5,"5",,,"Whole supply chain",,,,"National Accounts",,"https://www.ers.usda.gov/data-products/food-availability-per-capita-data-system/",
"840","United States of America",,"01330","Grapes",2010,9,"9",,,"Whole supply chain",,,,"National Accounts",,"https://www.ers.usda.gov/data-products/food-availability-per-capita-data-system/",
"840","United States of America",,"01341","Apples",2010,4,"4",,,"Whole supply chain",,,,"National Accounts",,"https://www.ers.usda.gov/data-products/food-availability-per-capita-data-system/",
"840","United States of America",,"01342.01","Pears",2010,5,"5",,,"Whole supply chain",,,,"National Accounts",,"https://www.ers.usda.gov/data-products/food-availability-per-capita-data-system/",
"840","United States of America",,"01343","Apricots",2010,9,"9",,,"Whole supply chain",,,,"National Accounts",,"https://www.ers.usda.gov/data-products/food-availability-per-capita-data-system/",
"840","United States of America",,"01345","Peaches and nectarines",2010,5,"5",,,"Whole supply chain",,,,"National Accounts",,"https://www.ers.usda.gov/data-products/food-availability-per-capita-data-system/",
"840","United States of America",,"01346","Plums and sloes",2010,5,"5",,,"Whole supply chain",,,,"National Accounts",,"https://www.ers.usda.gov/data-products/food-availability-per-capita-data-system/",
"840","United States of America",,"01352","Kiwi fruit",2010,9,"9",,,"Whole supply chain",,,,"National Accounts",,"https://www.ers.usda.gov/data-products/food-availability-per-capita-data-system/",
"840","United States of America",,"01353.01","Raspberries",2010,8,"8",,,"Whole supply chain",,,,"National Accounts",,"https://www.ers.usda.gov/data-products/food-availability-per-capita-data-system/",
"840","United States of America",,"01354","Strawberries",2010,8,"8",,,"Whole supply chain",,,,"National Accounts",,"https://www.ers.usda.gov/data-products/food-availability-per-capita-data-system/",
"840","United States of America",,"01355.01","Blueberries",2010,8,"8",,,"Whole supply chain",,,,"National Accounts",,"https://www.ers.usda.gov/data-products/food-availability-per-capita-data-system/",
"840","United States of America",,"01355.02","Cranberries",2010,4,"4",,,"Whole supply chain",,,,"National Accounts",,"https://www.ers.usda.gov/data-products/food-availability-per-capita-data-system/",
"840","United States of America",,"21397.01","Canned mushrooms",2010,35,"35",,,"Whole supply chain",,,,"National Accounts",,"https://www.ers.usda.gov/data-products/food-availability-per-capita-data-system/",
"840","United States of America",,"21431.01","Orange juice",2010,39.0435,"39.0435",,,"Whole supply chain",,,,"National Accounts",,"https://www.ers.usda.gov/data-products/food-availability-per-capita-data-system/",
"840","United States of America",,"21432","Grapefruit juice",2010,40.9479,"40.9479",,,"Whole supply chain",,,,"National Accounts",,"https://www.ers.usda.gov/data-products/food-availability-per-capita-data-system/",
"840","United States of America",,"21433","Pineapple juice",2010,41.3333,"41.3333",,,"Whole supply chain",,,,"National Accounts",,"https://www.ers.usda.gov/data-products/food-availability-per-capita-data-system/",
"840","United States of America",,"21434","Grape juice",2010,19.0909,"19.0909",,,"Whole supply chain",,,,"National Accounts",,"https://www.ers.usda.gov/data-products/food-availability-per-capita-data-system/",
"840","United States of America",,"21435.01","Apple juice",2010,26.6667,"26.6667",,,"Whole supply chain",,,,"National Accounts",,"https://www.ers.usda.gov/data-products/food-availability-per-capita-data-system/",
